-- phpMyAdmin SQL Dump
-- version 5.2.0
-- https://www.phpmyadmin.net/
--
-- Host: 127.0.0.1
-- Waktu pembuatan: 14 Okt 2023 pada 15.32
-- Versi server: 10.4.24-MariaDB
-- Versi PHP: 8.1.6

SET SQL_MODE = "NO_AUTO_VALUE_ON_ZERO";
START TRANSACTION;
SET time_zone = "+00:00";


/*!40101 SET @OLD_CHARACTER_SET_CLIENT=@@CHARACTER_SET_CLIENT */;
/*!40101 SET @OLD_CHARACTER_SET_RESULTS=@@CHARACTER_SET_RESULTS */;
/*!40101 SET @OLD_COLLATION_CONNECTION=@@COLLATION_CONNECTION */;
/*!40101 SET NAMES utf8mb4 */;

--
-- Database: `presline_db`
--

-- --------------------------------------------------------

--
-- Struktur dari tabel `tb_chat`
--

CREATE TABLE `tb_chat` (
  `id_chat` int(11) NOT NULL,
  `id_chat_type` tinyint(4) NOT NULL DEFAULT 1,
  `isi_chat` varchar(1000) NOT NULL,
  `chat_by` varchar(20) NOT NULL,
  `chat_date` timestamp NOT NULL DEFAULT current_timestamp(),
  `chat_modified` timestamp NOT NULL DEFAULT current_timestamp(),
  `chat_point` int(11) DEFAULT NULL,
  `id_mk_sesi` int(11) NOT NULL,
  `status_chat` tinyint(1) NOT NULL DEFAULT 1 COMMENT '0 deleted\r\n-1 deleted by dosen',
  `chat_opsi` varchar(1000) DEFAULT NULL,
  `durasi_jawab` smallint(6) DEFAULT NULL
) ENGINE=InnoDB DEFAULT CHARSET=utf8mb4;

-- --------------------------------------------------------

--
-- Struktur dari tabel `tb_chat_answer`
--

CREATE TABLE `tb_chat_answer` (
  `answer_id` int(11) NOT NULL,
  `answer` varchar(500) NOT NULL,
  `id_chat` int(11) NOT NULL,
  `answer_by` varchar(20) NOT NULL,
  `chat_point_answer` smallint(6) DEFAULT NULL,
  `id_chat_answer_by` varchar(30) DEFAULT NULL
) ENGINE=InnoDB DEFAULT CHARSET=utf8mb4;

-- --------------------------------------------------------

--
-- Struktur dari tabel `tb_chat_like`
--

CREATE TABLE `tb_chat_like` (
  `id_chat_like` varchar(50) NOT NULL,
  `like_by` varchar(20) NOT NULL,
  `id_chat` int(11) NOT NULL
) ENGINE=InnoDB DEFAULT CHARSET=utf8mb4;

-- --------------------------------------------------------

--
-- Struktur dari tabel `tb_chat_type`
--

CREATE TABLE `tb_chat_type` (
  `id_chat_type` tinyint(4) NOT NULL,
  `chat_type` varchar(20) NOT NULL
) ENGINE=InnoDB DEFAULT CHARSET=utf8mb4;

--
-- Dumping data untuk tabel `tb_chat_type`
--

INSERT INTO `tb_chat_type` (`id_chat_type`, `chat_type`) VALUES
(1, 'Normal Chat'),
(2, 'Pertanyaan'),
(3, 'Polling');

-- --------------------------------------------------------

--
-- Struktur dari tabel `tb_dosen`
--

CREATE TABLE `tb_dosen` (
  `id_dosen` int(11) NOT NULL,
  `nama_dosen` varchar(50) NOT NULL,
  `nidn` char(10) DEFAULT NULL,
  `id_prodi` int(11) DEFAULT NULL,
  `username` varchar(20) NOT NULL,
  `status_dosen` tinyint(4) NOT NULL DEFAULT 1,
  `tanggal_buat` timestamp NOT NULL DEFAULT current_timestamp()
) ENGINE=InnoDB DEFAULT CHARSET=utf8mb4;

--
-- Dumping data untuk tabel `tb_dosen`
--

INSERT INTO `tb_dosen` (`id_dosen`, `nama_dosen`, `nidn`, `id_prodi`, `username`, `status_dosen`, `tanggal_buat`) VALUES
(2, 'Dian Ade Kurnia', NULL, NULL, 'dosen', 1, '2022-08-19 00:06:39'),
(3, 'Arif Rinaldi Dikananda', NULL, NULL, 'arif', 1, '2022-08-21 05:21:55'),
(4, 'Gifthera Dwilestari', NULL, NULL, 'gifthera', 1, '2022-08-21 05:21:55'),
(5, 'Odi Nurdiawan', NULL, NULL, 'odi', 1, '2022-08-21 05:23:15'),
(6, 'Agus Bahtiar', NULL, NULL, 'agus', 1, '2022-08-25 00:20:41'),
(7, 'Tuti Hartati', NULL, NULL, 'tuti', 1, '2022-08-25 12:13:53'),
(8, 'Martanto', NULL, NULL, 'martanto', 1, '2022-08-25 12:16:53'),
(9, 'Ahmad Faqih', NULL, NULL, 'ahmad', 1, '2022-08-25 12:16:53'),
(10, 'Dita Rizki Amalia', NULL, NULL, 'dita', 1, '2022-08-25 12:16:53'),
(11, 'Ade Irma Purnamasari', '', NULL, 'ade', 1, '2022-08-25 12:16:53'),
(12, 'Nana Suarna', NULL, NULL, 'nana', 1, '2022-08-25 12:16:53'),
(13, 'Rini Astuti', NULL, NULL, 'rini', 1, '2022-08-25 12:16:53'),
(14, 'Tati Suprapti', NULL, NULL, 'tati', 1, '2022-08-25 12:16:53'),
(15, 'Bambang Irawan', NULL, NULL, 'bambang', 1, '2022-08-25 12:16:53'),
(16, 'Umi Hayati', NULL, NULL, 'umi', 1, '2022-08-25 12:16:53'),
(17, 'Yudhistira Arie Wijaya', NULL, NULL, 'yudhis', 1, '2022-08-28 01:58:37'),
(32, 'Irfan Ali', NULL, NULL, 'irfan', 1, '2022-09-01 08:06:14'),
(35, 'Iin Sholihin', NULL, NULL, 'doseniin', 1, '2022-10-13 03:59:19'),
(36, 'Fadhil M. Basysyr', NULL, NULL, 'dosenfadhil', 1, '2022-10-13 04:08:13');

-- --------------------------------------------------------

--
-- Struktur dari tabel `tb_jadwal`
--

CREATE TABLE `tb_jadwal` (
  `id_jadwal` int(11) NOT NULL,
  `id_mk_sesi` int(11) NOT NULL,
  `id_kelas` int(11) NOT NULL,
  `jadwal_perkuliahan` timestamp NOT NULL DEFAULT current_timestamp() ON UPDATE current_timestamp()
) ENGINE=InnoDB DEFAULT CHARSET=utf8mb4;

-- --------------------------------------------------------

--
-- Struktur dari tabel `tb_kelas`
--

CREATE TABLE `tb_kelas` (
  `id_kelas` int(11) NOT NULL,
  `kode_kelas` varchar(20) NOT NULL,
  `nama_kelas` varchar(100) DEFAULT NULL,
  `id_prodi` int(11) DEFAULT NULL,
  `jenis_jalur` varchar(10) DEFAULT NULL,
  `jenis_kelas` varchar(1) DEFAULT NULL,
  `kelas_ket` varchar(100) DEFAULT NULL,
  `semester` tinyint(4) DEFAULT NULL
) ENGINE=InnoDB DEFAULT CHARSET=utf8mb4;

--
-- Dumping data untuk tabel `tb_kelas`
--

INSERT INTO `tb_kelas` (`id_kelas`, `kode_kelas`, `nama_kelas`, `id_prodi`, `jenis_jalur`, `jenis_kelas`, `kelas_ket`, `semester`) VALUES
(1, 'KA-2020-KIP-A', '', 5, 'KIP', 'P', '', 5),
(2, 'KA-2020-KIP-B1', '', 5, 'KIP', 'P', '', 5),
(3, 'KA-2020-KIP-B2', '', 5, 'KIP', 'P', '', 5),
(4, 'KA-2020-KIP-B4', '', 5, 'KIP', 'P', '', 5),
(5, 'KA-2020-KIP-B5', '', 5, 'KIP', 'P', '', 5),
(8, 'MI-2020-KIP-A', '', 4, 'KIP', 'P', '', 5),
(9, 'MI-2020-KIP-B1', '', 4, 'KIP', 'P', '', 5),
(10, 'MI-2020-KIP-B3', '', 4, 'KIP', 'P', '', 5),
(15, 'MI-2020-P', '', 4, 'REG', 'P', '', 5),
(25, 'TI-2020-KIP-A-1', '', 1, 'KIP', 'P', '', 5),
(26, 'TI-2020-KIP-A-2', '', 1, 'KIP', 'P', '', 5),
(27, 'TI-2020-KIP-B1-1', '', 1, 'KIP', 'P', '', 5),
(28, 'TI-2020-KIP-B1-2', '', 1, 'KIP', 'P', '', 5),
(29, 'TI-2020-KIP-B1-3', '', 1, 'KIP', 'P', '', 5),
(54, 'MI-2021-KIP-P2', '', 4, 'KIP', 'P', '', 3),
(55, 'MI-2021-KIP-P3', '', 4, 'KIP', 'P', '', 3),
(56, 'MI-2021-KIP-P4', '', 4, 'KIP', 'P', '', 3),
(57, 'MI-2021-KIP-P1', '', 4, 'KIP', 'P', '', 3),
(59, 'JWD-A', 'JWD-Group A', NULL, NULL, NULL, 'JWD-Group A by Pak InSho', NULL),
(62, 'TI-2021-KIP-P1', '', 1, 'KIP', 'P', '', 3),
(63, 'TI-2021-KIP-P2', '', 1, 'KIP', 'P', '', 3),
(64, 'TI-2021-KIP-P3', '', 1, 'KIP', 'P', '', 3),
(65, 'TI-2021-KIP-P4', '', 1, 'KIP', 'P', '', 3),
(67, 'TI-2021-KIP-P5', '', 1, 'KIP', 'P', '', 3),
(68, 'RPL-2021-P', '', 2, 'REG', 'P', '', 3),
(69, 'RPL-2021-S', '', 2, 'REG', 'S', '', 3),
(70, 'RPL-2020-P', '', 2, 'KIP', 'P', '', 5),
(71, 'RPL-2020-S', '', 2, 'KIP', 'S', '', 5),
(72, 'SI-2020-P', '', 3, 'REG', 'P', '', 5),
(73, 'SI-2020-S', '', 3, 'REG', 'S', '', 5),
(74, 'SI-2021-P', '', 3, 'REG', 'P', '', 3),
(75, 'SI-2021-S', '', 3, 'REG', 'S', '', 3),
(77, 'MI-2020-KIP-B4', '', 4, 'KIP', 'P', '', 5),
(79, 'MI-2021-P', '', 4, 'REG', 'P', '', 3),
(80, 'KA-2021-KIP-P1', '', 5, 'KIP', 'P', '', 3),
(81, 'KA-2021-KIP-P2', '', 5, 'KIP', 'P', '', 3),
(82, 'KA-2021-KIP-P3', '', 5, 'KIP', 'P', '', 3),
(87, 'KA-2021-KIP-B', '', 5, 'KIP', 'P', '', 3),
(88, 'KA-2021-S', '', 5, 'REG', 'S', '', 3);

-- --------------------------------------------------------

--
-- Struktur dari tabel `tb_kelas_peserta`
--

CREATE TABLE `tb_kelas_peserta` (
  `id_kelas_peserta` varchar(30) NOT NULL,
  `id_kelas` int(11) NOT NULL,
  `username` varchar(20) NOT NULL,
  `insert_by` varchar(20) NOT NULL,
  `date_insert` timestamp NOT NULL DEFAULT current_timestamp()
) ENGINE=InnoDB DEFAULT CHARSET=utf8mb4;

--
-- Dumping data untuk tabel `tb_kelas_peserta`
--

INSERT INTO `tb_kelas_peserta` (`id_kelas_peserta`, `id_kelas`, `username`, `insert_by`, `date_insert`) VALUES
('10_31200068', 10, '31200068', 'baak', '2022-09-22 10:19:03'),
('10_31200069', 10, '31200069', 'baak', '2022-09-22 10:19:32'),
('10_31200070', 10, '31200070', 'baak', '2022-09-22 10:18:52'),
('10_31200072', 10, '31200072', 'baak', '2022-09-22 10:18:40'),
('10_31200074', 10, '31200074', 'baak', '2022-09-22 10:19:18'),
('15_31200022', 15, '31200022', 'baak', '2022-08-27 13:19:07'),
('15_31200024', 15, '31200024', 'baak', '2022-08-27 13:19:07'),
('1_32201381', 1, '32201381', 'baak', '2022-09-22 10:36:17'),
('1_32201382', 1, '32201382', 'baak', '2022-09-22 10:35:32'),
('1_32201384', 1, '32201384', 'baak', '2022-09-22 10:36:30'),
('1_32201386', 1, '32201386', 'baak', '2022-09-22 10:35:43'),
('1_32201387', 1, '32201387', 'baak', '2022-09-22 10:35:56'),
('25_41204755', 25, '41204755', 'baak', '2022-09-22 07:14:36'),
('25_41204756', 25, '41204756', 'baak', '2022-08-24 12:28:45'),
('25_41204757', 25, '41204757', 'baak', '2022-08-24 12:28:45'),
('25_41204768', 25, '41204768', 'baak', '2022-09-22 08:20:21'),
('25_41204772', 25, '41204772', 'baak', '2022-08-24 12:28:45'),
('26_41204740', 26, '41204740', 'baak', '2022-08-24 12:28:45'),
('26_41204745', 26, '41204745', 'baak', '2022-08-24 12:28:45'),
('26_41204747', 26, '41204747', 'baak', '2022-09-22 07:52:38'),
('26_41204754', 26, '41204754', 'baak', '2022-08-24 12:28:45'),
('26_41204779', 26, '41204779', 'baak', '2022-09-22 08:20:45'),
('27_41200124', 27, '41200124', 'baak', '2022-09-22 08:21:32'),
('27_41200125', 27, '41200125', 'baak', '2022-08-24 12:28:45'),
('27_41200126', 27, '41200126', 'baak', '2022-08-24 12:28:45'),
('27_41200131', 27, '41200131', 'baak', '2022-09-22 08:22:32'),
('27_41200505', 27, '41200505', 'baak', '2022-09-22 08:22:49'),
('27_41200999', 27, '41200999', 'baak', '2022-10-09 03:35:23'),
('28_41200123', 28, '41200123', 'baak', '2022-09-22 08:23:17'),
('28_41200129', 28, '41200129', 'baak', '2022-09-22 08:24:55'),
('28_41200454', 28, '41200454', 'baak', '2022-09-22 08:23:33'),
('28_41200489', 28, '41200489', 'baak', '2022-09-22 08:24:19'),
('28_41200493', 28, '41200493', 'baak', '2022-09-22 08:24:03'),
('29_41200111', 29, '41200111', 'baak', '2022-09-22 08:26:34'),
('29_41200468', 29, '41200468', 'baak', '2022-09-22 08:25:21'),
('29_41200469', 29, '41200469', 'baak', '2022-09-22 08:25:41'),
('29_41200482', 29, '41200482', 'baak', '2022-09-22 08:25:55'),
('29_41200500', 29, '41200500', 'baak', '2022-09-22 08:26:09'),
('2_32200019', 2, '32200019', 'baak', '2022-09-22 10:37:11'),
('2_32200057', 2, '32200057', 'baak', '2022-09-22 10:37:33'),
('2_32200058', 2, '32200058', 'baak', '2022-09-22 10:37:20'),
('2_32200059', 2, '32200059', 'baak', '2022-09-22 10:37:42'),
('2_32200064', 2, '32200064', 'baak', '2022-09-22 10:37:01'),
('3_32200042', 3, '32200042', 'baak', '2022-09-22 10:38:22'),
('3_32200043', 3, '32200043', 'baak', '2022-09-22 10:38:00'),
('3_32200044', 3, '32200044', 'baak', '2022-09-22 10:38:11'),
('3_32200045', 3, '32200045', 'baak', '2022-09-22 10:38:35'),
('3_32200048', 3, '32200048', 'baak', '2022-09-22 10:38:46'),
('4_32200022', 4, '32200022', 'baak', '2022-09-22 10:40:25'),
('4_32200051', 4, '32200051', 'baak', '2022-09-22 10:40:15'),
('4_32200053', 4, '32200053', 'baak', '2022-09-22 10:39:49'),
('4_32200063', 4, '32200063', 'baak', '2022-09-22 10:39:39'),
('4_32200065', 4, '32200065', 'baak', '2022-09-22 10:40:02'),
('54_31212141', 54, '31212141', 'baak', '2022-09-22 10:24:50'),
('54_31212170', 54, '31212170', 'baak', '2022-09-22 10:25:28'),
('54_31212194', 54, '31212194', 'baak', '2022-09-22 10:25:06'),
('54_31212201', 54, '31212201', 'baak', '2022-09-22 10:24:16'),
('54_31212207', 54, '31212207', 'baak', '2022-09-22 10:24:33'),
('55_31212146', 55, '31212146', 'baak', '2022-09-22 10:29:14'),
('55_31212149', 55, '31212149', 'baak', '2022-09-22 10:31:58'),
('55_31212188', 55, '31212188', 'baak', '2022-09-22 10:31:34'),
('55_31212189', 55, '31212189', 'baak', '2022-09-22 10:31:45'),
('55_31212202', 55, '31212202', 'baak', '2022-09-22 10:28:57'),
('56_31212161', 56, '31212161', 'baak', '2022-09-22 10:33:26'),
('56_31212162', 56, '31212162', 'baak', '2022-09-22 10:32:34'),
('56_31212167', 56, '31212167', 'baak', '2022-09-22 10:33:02'),
('56_31212168', 56, '31212168', 'baak', '2022-09-22 10:32:50'),
('56_31212171', 56, '31212171', 'baak', '2022-09-22 10:33:14'),
('57_31212132', 57, '31212132', 'baak', '2022-09-22 10:22:42'),
('57_31212133', 57, '31212133', 'baak', '2022-09-22 10:22:58'),
('57_31212157', 57, '31212157', 'baak', '2022-09-22 10:22:13'),
('57_31212160', 57, '31212160', 'baak', '2022-09-22 10:22:01'),
('57_31212174', 57, '31212174', 'baak', '2022-09-22 10:22:27'),
('5_32200038', 5, '32200038', 'baak', '2022-09-22 10:40:58'),
('5_32200039', 5, '32200039', 'baak', '2022-09-22 10:40:47'),
('62_41215359', 62, '41215359', 'baak', '2022-09-22 08:32:08'),
('62_41215366', 62, '41215366', 'baak', '2022-09-22 08:33:07'),
('62_41215375', 62, '41215375', 'baak', '2022-09-22 08:36:10'),
('62_41215619', 62, '41215619', 'baak', '2022-09-22 08:31:34'),
('62_41215715', 62, '41215715', 'baak', '2022-09-22 08:31:47'),
('63_41215488', 63, '41215488', 'baak', '2022-09-22 08:36:59'),
('63_41215645', 63, '41215645', 'baak', '2022-09-22 08:37:26'),
('63_41215658', 63, '41215658', 'baak', '2022-09-22 08:40:57'),
('63_41215763', 63, '41215763', 'baak', '2022-09-22 08:37:43'),
('63_41215909', 63, '41215909', 'baak', '2022-09-22 08:41:17'),
('64_41215537', 64, '41215537', 'baak', '2022-09-22 08:42:37'),
('64_41215561', 64, '41215561', 'baak', '2022-09-22 08:42:14'),
('64_41215585', 64, '41215585', 'baak', '2022-09-22 08:41:38'),
('64_41215624', 64, '41215624', 'baak', '2022-09-22 08:43:04'),
('64_41215988', 64, '41215988', 'baak', '2022-09-22 08:43:23'),
('65_41215345', 65, '41215345', 'baak', '2022-09-22 08:43:58'),
('65_41215354', 65, '41215354', 'baak', '2022-09-22 08:44:33'),
('65_41215356', 65, '41215356', 'baak', '2022-09-22 08:44:53'),
('65_41215515', 65, '41215515', 'baak', '2022-09-22 08:44:19'),
('65_41215552', 65, '41215552', 'baak', '2022-09-22 08:45:10'),
('67_41215384', 67, '41215384', 'baak', '2022-09-22 08:46:52'),
('67_41215623', 67, '41215623', 'baak', '2022-09-22 08:46:39'),
('67_41215685', 67, '41215685', 'baak', '2022-09-22 08:45:48'),
('67_41215723', 67, '41215723', 'baak', '2022-09-22 08:46:00'),
('67_41215922', 67, '41215922', 'baak', '2022-09-22 08:46:18'),
('68_42210020', 68, '42210020', 'baak', '2022-09-22 08:50:49'),
('68_42210023', 68, '42210023', 'baak', '2022-09-22 08:51:49'),
('68_42210024', 68, '42210024', 'baak', '2022-09-22 08:51:25'),
('68_42210025', 68, '42210025', 'baak', '2022-09-22 08:52:34'),
('68_42210027', 68, '42210027', 'baak', '2022-09-22 08:52:10'),
('69_42210017', 69, '42210017', 'baak', '2022-09-22 09:03:22'),
('69_42210018', 69, '42210018', 'baak', '2022-09-22 09:04:55'),
('69_42210019', 69, '42210019', 'baak', '2022-09-22 09:05:13'),
('69_42210021', 69, '42210021', 'baak', '2022-09-22 09:02:49'),
('69_42210022', 69, '42210022', 'baak', '2022-09-22 09:03:06'),
('69_42210026', 69, '42210026', 'baak', '2022-09-22 09:04:31'),
('69_42210028', 69, '42210028', 'baak', '2022-09-22 09:04:12'),
('70_42200002', 70, '42200002', 'baak', '2022-09-22 09:34:02'),
('70_42200010', 70, '42200010', 'baak', '2022-09-22 09:16:34'),
('70_42200013', 70, '42200013', 'baak', '2022-09-22 09:16:50'),
('70_42200014', 70, '42200014', 'baak', '2022-09-22 09:16:08'),
('72_43200003', 72, '43200003', 'baak', '2022-09-22 10:05:26'),
('72_43200007', 72, '43200007', 'baak', '2022-09-22 10:04:14'),
('72_43200008', 72, '43200008', 'baak', '2022-09-22 10:05:51'),
('72_43200009', 72, '43200009', 'baak', '2022-09-22 10:06:32'),
('72_43200019', 72, '43200019', 'baak', '2022-09-22 10:04:53'),
('72_43200020', 72, '43200020', 'baak', '2022-09-22 10:04:29'),
('73_43200001', 73, '43200001', 'baak', '2022-09-22 10:07:59'),
('73_43200002', 73, '43200002', 'baak', '2022-09-22 10:08:21'),
('73_43200004', 73, '43200004', 'baak', '2022-09-22 10:07:02'),
('73_43200005', 73, '43200005', 'baak', '2022-09-22 10:07:38'),
('73_43200011', 73, '43200011', 'baak', '2022-09-22 10:08:37'),
('73_43200018', 73, '43200018', 'baak', '2022-09-22 10:07:24'),
('73_43200023', 73, '43200023', 'baak', '2022-09-22 10:08:54'),
('73_43200024', 73, '43200024', 'baak', '2022-09-22 10:09:10'),
('74_43210026', 74, '43210026', 'baak', '2022-09-22 10:10:20'),
('74_43210028', 74, '43210028', 'baak', '2022-09-22 10:11:05'),
('74_43210045', 74, '43210045', 'baak', '2022-09-22 10:09:49'),
('74_43210051', 74, '43210051', 'baak', '2022-09-22 10:10:03'),
('74_43210052', 74, '43210052', 'baak', '2022-09-22 10:10:49'),
('75_43210027', 75, '43210027', 'baak', '2022-09-22 10:11:39'),
('75_43210029', 75, '43210029', 'baak', '2022-09-22 10:12:00'),
('75_43210031', 75, '43210031', 'baak', '2022-09-22 10:12:36'),
('75_43210042', 75, '43210042', 'baak', '2022-09-22 10:12:22'),
('75_43210054', 75, '43210054', 'baak', '2022-09-22 10:11:25'),
('77_31200023', 77, '31200023', 'baak', '2022-09-22 10:21:12'),
('77_31200026', 77, '31200026', 'baak', '2022-09-22 10:20:45'),
('77_31200080', 77, '31200080', 'baak', '2022-09-22 10:20:33'),
('77_31200083', 77, '31200083', 'baak', '2022-09-22 10:20:57'),
('77_31200089', 77, '31200089', 'baak', '2022-09-22 10:20:21'),
('79_31212125', 79, '31212125', 'baak', '2022-09-22 10:27:42'),
('79_31212127', 79, '31212127', 'baak', '2022-09-22 10:27:55'),
('79_31212158', 79, '31212158', 'baak', '2022-09-22 10:28:37'),
('79_31212165', 79, '31212165', 'baak', '2022-09-22 10:28:23'),
('79_31212175', 79, '31212175', 'baak', '2022-09-22 10:28:10'),
('80_32211454', 80, '32211454', 'baak', '2022-09-22 10:42:49'),
('80_32211457', 80, '32211457', 'baak', '2022-09-22 10:43:26'),
('80_32211511', 80, '32211511', 'baak', '2022-09-22 10:43:39'),
('80_32211521', 80, '32211521', 'baak', '2022-09-22 10:43:11'),
('80_32211540', 80, '32211540', 'baak', '2022-09-22 10:42:59'),
('81_32211459', 81, '32211459', 'baak', '2022-09-22 10:44:11'),
('81_32211463', 81, '32211463', 'baak', '2022-09-22 10:44:25'),
('81_32211464', 81, '32211464', 'baak', '2022-09-22 10:44:43'),
('81_32211465', 81, '32211465', 'baak', '2022-09-22 10:44:56'),
('81_32211517', 81, '32211517', 'baak', '2022-09-22 10:43:57'),
('82_32211455', 82, '32211455', 'baak', '2022-09-22 10:45:10'),
('82_32211456', 82, '32211456', 'baak', '2022-09-22 10:45:41'),
('82_32211467', 82, '32211467', 'baak', '2022-09-22 10:45:56'),
('82_32211486', 82, '32211486', 'baak', '2022-09-22 10:45:21'),
('82_32211519', 82, '32211519', 'baak', '2022-09-22 10:45:31'),
('87_32211528', 87, '32211528', 'baak', '2022-10-24 11:36:25'),
('87_32211529', 87, '32211529', 'baak', '2022-10-24 11:36:51'),
('87_32211530', 87, '32211530', 'baak', '2022-10-24 11:37:42'),
('87_32211531', 87, '32211531', 'baak', '2022-10-24 11:38:08'),
('87_32211544', 87, '32211544', 'baak', '2022-10-24 11:37:16'),
('88_32211452', 88, '32211452', 'baak', '2022-10-24 11:30:48'),
('88_32211453', 88, '32211453', 'baak', '2022-10-24 11:34:02'),
('88_32211518', 88, '32211518', 'baak', '2022-10-24 11:30:06'),
('88_32211534', 88, '32211534', 'baak', '2022-10-24 11:34:27'),
('8_31202049', 8, '31202049', 'baak', '2022-08-27 13:26:22'),
('8_31202050', 8, '31202050', 'baak', '2022-08-27 13:26:22'),
('8_31202051', 8, '31202051', 'baak', '2022-08-27 13:26:22'),
('8_31202052', 8, '31202052', 'baak', '2022-08-27 13:26:22'),
('8_31202053', 8, '31202053', 'baak', '2022-08-27 13:26:22'),
('8_31202054', 8, '31202054', 'baak', '2022-08-27 13:26:22'),
('8_31202055', 8, '31202055', 'baak', '2022-08-27 13:26:22'),
('8_31202056', 8, '31202056', 'baak', '2022-08-27 13:26:22'),
('8_31202057', 8, '31202057', 'baak', '2022-08-27 13:26:22'),
('8_31202058', 8, '31202058', 'baak', '2022-08-27 13:26:22'),
('9_31200033', 9, '31200033', 'baak', '2022-09-22 10:17:19'),
('9_31200035', 9, '31200035', 'baak', '2022-09-22 10:16:19'),
('9_31200096', 9, '31200096', 'baak', '2022-09-22 10:16:07'),
('9_31200097', 9, '31200097', 'baak', '2022-09-22 10:16:41'),
('9_31200098', 9, '31200098', 'baak', '2022-09-22 10:17:32');

-- --------------------------------------------------------

--
-- Struktur dari tabel `tb_login`
--

CREATE TABLE `tb_login` (
  `id_login` int(11) NOT NULL,
  `date_login` timestamp NOT NULL DEFAULT current_timestamp(),
  `login_info` varchar(200) DEFAULT NULL,
  `username` varchar(20) NOT NULL
) ENGINE=InnoDB DEFAULT CHARSET=utf8mb4;

--
-- Dumping data untuk tabel `tb_login`
--

INSERT INTO `tb_login` (`id_login`, `date_login`, `login_info`, `username`) VALUES
(1, '2022-09-12 08:17:48', '', '41200125'),
(2, '2022-09-12 08:18:25', '', 'agus'),
(3, '2022-09-12 08:21:14', '', '41200125'),
(4, '2022-09-12 12:18:36', '', '41200125'),
(5, '2022-09-12 13:57:51', '', '41200125'),
(6, '2022-09-12 13:59:46', '', 'agus'),
(7, '2022-09-12 14:00:38', '', '41200125'),
(8, '2022-09-12 14:00:59', '', 'agus'),
(9, '2022-09-12 14:01:03', '', '41200125'),
(10, '2022-09-13 07:17:00', '', '41200125'),
(11, '2022-09-14 05:56:18', '', '41200125'),
(12, '2022-09-14 11:43:02', '', '41200125'),
(13, '2022-09-14 12:30:40', '', 'baak'),
(14, '2022-09-14 13:05:50', '', '31200022'),
(15, '2022-09-15 01:30:35', '', '41200125'),
(16, '2022-09-15 01:30:55', '', 'agus'),
(17, '2022-09-15 01:41:12', '', 'baak'),
(18, '2022-09-15 02:10:26', '', '41200125'),
(19, '2022-09-15 03:54:38', '', '41200125'),
(20, '2022-09-15 03:59:07', '', '41200125'),
(21, '2022-09-15 04:04:56', '', '41200125'),
(22, '2022-09-15 04:37:15', '', '41200125'),
(23, '2022-09-15 04:42:44', '', '41200125'),
(24, '2022-09-15 05:01:51', '', '31202054'),
(25, '2022-09-15 05:13:35', '', '31202055');

-- --------------------------------------------------------

--
-- Struktur dari tabel `tb_mhs`
--

CREATE TABLE `tb_mhs` (
  `id_mhs` int(11) NOT NULL,
  `nama_mhs` varchar(50) NOT NULL,
  `nama_panggilan` varchar(10) DEFAULT NULL,
  `nim` char(8) DEFAULT NULL,
  `id_prodi` int(11) DEFAULT NULL,
  `username` varchar(20) NOT NULL,
  `status_mhs` tinyint(1) NOT NULL DEFAULT 1,
  `tanggal_buat` timestamp NOT NULL DEFAULT current_timestamp(),
  `gender` char(1) DEFAULT NULL
) ENGINE=InnoDB DEFAULT CHARSET=utf8mb4;

--
-- Dumping data untuk tabel `tb_mhs`
--

INSERT INTO `tb_mhs` (`id_mhs`, `nama_mhs`, `nama_panggilan`, `nim`, `id_prodi`, `username`, `status_mhs`, `tanggal_buat`, `gender`) VALUES
(127, 'ASEP SAEPUDIN', NULL, '41200125', 1, '41200125', 1, '2022-08-19 00:06:36', 'L'),
(128, 'ADRIAN WISNU SAPUTRA', NULL, '41204754', 1, '41204754', 1, '2022-08-24 08:43:08', 'L'),
(129, 'ALDI ALGINO', NULL, '41204772', 1, '41204772', 1, '2022-08-24 08:43:08', 'L'),
(130, 'ANGGA SUBAEGI', NULL, '41204745', 1, '41204745', 1, '2022-08-24 08:43:08', 'L'),
(131, 'MEITA SUTRA SAFIRA', NULL, '41204757', 1, '41204757', 1, '2022-08-24 08:43:08', 'P'),
(132, 'MELA NUR AFRILIA', NULL, '41204756', 1, '41204756', 1, '2022-08-24 08:43:08', 'L'),
(133, 'MOCHAMMAD SYAFII BACHTIAR', NULL, '41204740', 1, '41204740', 1, '2022-08-24 08:43:08', 'L'),
(134, 'ABDUL ROSYD', NULL, '41200126', 1, '41200126', 1, '2022-08-24 08:43:08', 'L'),
(135, 'MUHAMMAD FADIL ARRAJI', NULL, '31200022', 4, '31200022', 1, '2022-08-27 12:17:36', 'L'),
(136, 'GHATAN GYMNASTIAR', NULL, '31200024', 4, '31200024', 1, '2022-08-27 12:17:36', 'L'),
(137, 'ALDY ADRIANSYAH', NULL, '31202055', 4, '31202055', 1, '2022-08-27 12:53:31', 'L'),
(138, 'FIQRI AZZAHRA SULAEMAN', NULL, '31202049', 4, '31202049', 1, '2022-08-27 12:53:31', 'L'),
(139, 'GURITNA WIJAYA', NULL, '31202053', 4, '31202053', 1, '2022-08-27 12:53:31', 'L'),
(140, 'INDAH ROSALIYAH', NULL, '31202050', 4, '31202050', 1, '2022-08-27 12:53:31', 'P'),
(141, 'LISTIYANI WAHYUNINGSIH', NULL, '31202057', 4, '31202057', 1, '2022-08-27 12:53:31', 'L'),
(142, 'NOK IMAS PASTIA', NULL, '31202056', 4, '31202056', 1, '2022-08-27 12:53:31', 'L'),
(143, 'NURHAENINGSIH', NULL, '31202054', 4, '31202054', 1, '2022-08-27 12:53:31', 'L'),
(144, 'RIZKI DWI PUTRA', NULL, '31202052', 4, '31202052', 1, '2022-08-27 12:53:31', 'L'),
(145, 'SOPIAN HIDAYAT', NULL, '31202051', 4, '31202051', 1, '2022-08-27 12:53:31', 'L'),
(146, 'WASHILATURRIZQI', NULL, '31202058', 4, '31202058', 1, '2022-08-27 12:53:31', 'L'),
(150, 'MALA NAFILAH', NULL, '41204755', 1, '41204755', 1, '2022-09-22 07:14:36', 'P'),
(151, 'RIKI SANJAYA', NULL, '41204747', 1, '41204747', 1, '2022-09-22 07:52:38', 'L'),
(153, 'MASIH KURNIASIH', NULL, '41204768', 1, '41204768', 1, '2022-09-22 08:20:21', 'P'),
(154, 'RIZAL PURNAMA', NULL, '41204779', 1, '41204779', 1, '2022-09-22 08:20:45', 'L'),
(155, 'ALI IKBAL', NULL, '41200124', 1, '41200124', 1, '2022-09-22 08:21:32', 'L'),
(156, 'ANA AMALIA', NULL, '41200131', 1, '41200131', 1, '2022-09-22 08:22:32', 'P'),
(157, 'ANGGUN HELIA', NULL, '41200505', 1, '41200505', 1, '2022-09-22 08:22:49', 'P'),
(158, 'KRISNA MULYANA', NULL, '41200123', 1, '41200123', 1, '2022-09-22 08:23:17', 'L'),
(159, 'HASANAH LESTARI', NULL, '41200454', 1, '41200454', 1, '2022-09-22 08:23:33', 'P'),
(160, 'NOVI LAELATUL AZIZAH', NULL, '41200493', 1, '41200493', 1, '2022-09-22 08:24:03', 'P'),
(161, 'MUHAMMAD RIZAL', NULL, '41200489', 1, '41200489', 1, '2022-09-22 08:24:19', 'L'),
(162, 'NURUL OKTAVIANY', NULL, '41200129', 1, '41200129', 1, '2022-09-22 08:24:55', 'P'),
(163, 'RATIH LESTARI', NULL, '41200468', 1, '41200468', 1, '2022-09-22 08:25:21', 'P'),
(164, 'RIDWAN FIRDAUS', NULL, '41200469', 1, '41200469', 1, '2022-09-22 08:25:41', 'L'),
(165, 'SALSA LONI MANIKARI', NULL, '41200482', 1, '41200482', 1, '2022-09-22 08:25:55', 'P'),
(166, 'SUYONO', NULL, '41200500', 1, '41200500', 1, '2022-09-22 08:26:09', 'L'),
(167, 'WIDIA BUDIARTO', NULL, '41200111', 1, '41200111', 1, '2022-09-22 08:26:34', 'P'),
(168, 'ABI FAJAR AHMAD FAUZI', NULL, '41215619', 1, '41215619', 1, '2022-09-22 08:31:34', 'L'),
(169, 'ADE VALENTINO', NULL, '41215715', 1, '41215715', 1, '2022-09-22 08:31:47', 'L'),
(170, 'ANITA AYU HARDANI', NULL, '41215359', 1, '41215359', 1, '2022-09-22 08:32:08', 'P'),
(171, 'BAGUS HERMAWAN', NULL, '41215366', 1, '41215366', 1, '2022-09-22 08:33:07', 'L'),
(172, 'FAHMI NAUFAL', NULL, '41215375', 1, '41215375', 1, '2022-09-22 08:36:10', 'L'),
(173, 'HILDA NOVIA RAMADANI', NULL, '41215488', 1, '41215488', 1, '2022-09-22 08:36:59', 'P'),
(174, 'IBNU FAJRI', NULL, '41215645', 1, '41215645', 1, '2022-09-22 08:37:26', 'L'),
(175, 'IBNU HAJAR', NULL, '41215763', 1, '41215763', 1, '2022-09-22 08:37:43', 'L'),
(176, 'IKE SURYANI DEWI', NULL, '41215658', 1, '41215658', 1, '2022-09-22 08:40:57', 'P'),
(177, 'INDAH RATNA NINGSIH', NULL, '41215909', 1, '41215909', 1, '2022-09-22 08:41:17', 'P'),
(178, 'ABDUL HAKIM', NULL, '41215585', 1, '41215585', 1, '2022-09-22 08:41:38', 'L'),
(179, 'NUR MUSHLICHAH', NULL, '41215561', 1, '41215561', 1, '2022-09-22 08:42:14', 'P'),
(180, 'NURHOLIS', NULL, '41215537', 1, '41215537', 1, '2022-09-22 08:42:37', 'L'),
(181, 'OKTA ALVIANTO', NULL, '41215624', 1, '41215624', 1, '2022-09-22 08:43:04', 'P'),
(182, 'PUTRA BUDI SETIAWAN', NULL, '41215988', 1, '41215988', 1, '2022-09-22 08:43:23', 'L'),
(183, 'AGUNG SAEFUL', NULL, '41215345', 1, '41215345', 1, '2022-09-22 08:43:58', 'L'),
(184, 'AGUNG TRIYONO', NULL, '41215515', 1, '41215515', 1, '2022-09-22 08:44:19', 'L'),
(185, 'ALIYA ANISA RAHMA', NULL, '41215354', 1, '41215354', 1, '2022-09-22 08:44:33', 'P'),
(186, 'AMINATUN JIHAN', NULL, '41215356', 1, '41215356', 1, '2022-09-22 08:44:53', 'P'),
(187, 'ANDA PUTRA', NULL, '41215552', 1, '41215552', 1, '2022-09-22 08:45:10', 'L'),
(188, 'DIVIA AZARINE', NULL, '41215685', 1, '41215685', 1, '2022-09-22 08:45:48', 'P'),
(189, 'DWI SARTIKA', NULL, '41215723', 1, '41215723', 1, '2022-09-22 08:46:00', 'P'),
(190, 'EGI SUSANTO DIMIN', NULL, '41215922', 1, '41215922', 1, '2022-09-22 08:46:18', 'L'),
(191, 'FERDI GUSNANTO', NULL, '41215623', 1, '41215623', 1, '2022-09-22 08:46:39', 'L'),
(192, 'FIRAH ATIKA', NULL, '41215384', 1, '41215384', 1, '2022-09-22 08:46:52', 'P'),
(193, 'AHMAD IZZA YABNI', NULL, '42210020', 2, '42210020', 1, '2022-09-22 08:50:49', 'L'),
(194, 'MOHAMMAD RAIHAN RIZQI SEPTIAN', NULL, '42210024', 2, '42210024', 1, '2022-09-22 08:51:25', 'L'),
(195, 'NOVAN ABAYTULROHMAN', NULL, '42210023', 2, '42210023', 1, '2022-09-22 08:51:49', 'L'),
(196, 'SITI AISAH', NULL, '42210027', 2, '42210027', 1, '2022-09-22 08:52:10', 'P'),
(197, 'ZANNATUN NAIM', NULL, '42210025', 2, '42210025', 1, '2022-09-22 08:52:34', 'L'),
(198, 'ARDIANSYAH', NULL, '42210021', 2, '42210021', 1, '2022-09-22 09:02:49', 'L'),
(199, 'DEDEN SYARIF HIDAYAT', NULL, '42210022', 2, '42210022', 1, '2022-09-22 09:03:06', 'L'),
(200, 'MUH MUZAKI', NULL, '42210017', 2, '42210017', 1, '2022-09-22 09:03:22', 'L'),
(201, 'MUHAMMAD IQBAL NURCHOLIS', NULL, '42210028', 2, '42210028', 1, '2022-09-22 09:04:12', 'L'),
(202, 'FARID PEBRIANSYAH', NULL, '42210026', 2, '42210026', 1, '2022-09-22 09:04:31', 'L'),
(203, 'TOTO SUWARTO', NULL, '42210018', 2, '42210018', 1, '2022-09-22 09:04:55', 'L'),
(204, 'WARTONO', NULL, '42210019', 2, '42210019', 1, '2022-09-22 09:05:13', 'L'),
(205, 'ARIA PRATAMA', NULL, '42200014', 2, '42200014', 1, '2022-09-22 09:16:08', 'L'),
(206, 'MUHAMMAD ABDULROHMAN', NULL, '42200010', 2, '42200010', 1, '2022-09-22 09:16:34', 'L'),
(207, 'RAJA AL-FATH HIDAYAH', NULL, '42200013', 2, '42200013', 1, '2022-09-22 09:16:50', 'L'),
(208, 'TIO PRASETIYA', NULL, '42200002', 2, '42200002', 1, '2022-09-22 09:34:02', 'L'),
(209, 'ABDUL RASYID FAIQ ADINATA', NULL, '43200007', 3, '43200007', 1, '2022-09-22 10:04:14', 'L'),
(210, 'ANANDA RAFLY', NULL, '43200020', 3, '43200020', 1, '2022-09-22 10:04:29', 'L'),
(211, 'EGA SALSA NUGRAHA', NULL, '43200019', 3, '43200019', 1, '2022-09-22 10:04:53', 'L'),
(212, 'MOCHAMAD ADITYA SUNARYO', NULL, '43200003', 3, '43200003', 1, '2022-09-22 10:05:26', 'L'),
(213, 'RIMA LORENTIANA WIJAYANTI', NULL, '43200008', 3, '43200008', 1, '2022-09-22 10:05:51', 'P'),
(214, 'RIYANDI FRIHANDIANSAH', NULL, '43200009', 3, '43200009', 1, '2022-09-22 10:06:32', 'L'),
(215, 'AMANDA FEBRIYANI', NULL, '43200004', 3, '43200004', 1, '2022-09-22 10:07:02', 'P'),
(216, 'FAJAR IBRAHIM NOOR', NULL, '43200018', 3, '43200018', 1, '2022-09-22 10:07:24', 'L'),
(217, 'NELA PUJI RAHAYU', NULL, '43200005', 3, '43200005', 1, '2022-09-22 10:07:38', 'P'),
(218, 'RAHADITYA DASUKI', NULL, '43200001', 3, '43200001', 1, '2022-09-22 10:07:59', 'L'),
(219, 'RIKO SAPUTRA', NULL, '43200002', 3, '43200002', 1, '2022-09-22 10:08:21', 'L'),
(220, 'TRI ANELIA', NULL, '43200011', 3, '43200011', 1, '2022-09-22 10:08:37', 'P'),
(221, 'ZAENAL MUTTAQIN', NULL, '43200023', 3, '43200023', 1, '2022-09-22 10:08:54', 'L'),
(222, 'NANDA SATRIA HALIM PRATAMA', NULL, '43200024', 3, '43200024', 1, '2022-09-22 10:09:10', 'L'),
(223, 'Aditya Rukhul Prasetia', NULL, '43210045', 3, '43210045', 1, '2022-09-22 10:09:49', 'L'),
(224, 'Adrian Syafaaturrohman', NULL, '43210051', 3, '43210051', 1, '2022-09-22 10:10:03', 'L'),
(225, 'Alief Lukman Haqiem', NULL, '43210026', 3, '43210026', 1, '2022-09-22 10:10:20', 'P'),
(226, 'Anisa Sabrina', NULL, '43210052', 3, '43210052', 1, '2022-09-22 10:10:49', 'P'),
(227, 'Ari Surahman', NULL, '43210028', 3, '43210028', 1, '2022-09-22 10:11:05', 'L'),
(228, 'Adam Riansah', NULL, '43210054', 3, '43210054', 1, '2022-09-22 10:11:25', 'L'),
(229, 'Ani Lestari', NULL, '43210027', 3, '43210027', 1, '2022-09-22 10:11:39', 'P'),
(230, 'Dr Cahya Musliha Pab', NULL, '43210029', 3, '43210029', 1, '2022-09-22 10:12:00', 'P'),
(231, 'Gilang Sanjaya', NULL, '43210042', 3, '43210042', 1, '2022-09-22 10:12:22', 'L'),
(232, 'Indra Gunawan', NULL, '43210031', 3, '43210031', 1, '2022-09-22 10:12:36', 'L'),
(233, 'AAS NURJANAH', NULL, '31200096', 4, '31200096', 1, '2022-09-22 10:16:07', 'P'),
(234, 'AMALIYAH PUTRI AZAHRA', NULL, '31200035', 4, '31200035', 1, '2022-09-22 10:16:19', 'P'),
(235, 'ARIEF SETIAWAN', NULL, '31200097', 4, '31200097', 1, '2022-09-22 10:16:41', 'L'),
(236, 'ASEP ABDUL KHOLIK', NULL, '31200033', 4, '31200033', 1, '2022-09-22 10:17:19', 'L'),
(237, 'FIRMANSYAH', NULL, '31200098', 4, '31200098', 1, '2022-09-22 10:17:32', 'L'),
(238, 'AHMAD SOFYAN', NULL, '31200072', 4, '31200072', 1, '2022-09-22 10:18:40', 'L'),
(239, 'ANA NEVA', NULL, '31200070', 4, '31200070', 1, '2022-09-22 10:18:52', 'P'),
(240, 'FAISAL NURDIANA', NULL, '31200068', 4, '31200068', 1, '2022-09-22 10:19:03', 'L'),
(241, 'FAUZIAH NOOR MUSID', NULL, '31200074', 4, '31200074', 1, '2022-09-22 10:19:18', 'P'),
(242, 'JUKKANA', NULL, '31200069', 4, '31200069', 1, '2022-09-22 10:19:32', 'L'),
(243, 'AYU LESTARI', NULL, '31200089', 4, '31200089', 1, '2022-09-22 10:20:21', 'P'),
(244, 'AYU SULASTINI', NULL, '31200080', 4, '31200080', 1, '2022-09-22 10:20:33', 'P'),
(245, 'DEA ERYANTI PUTRI', NULL, '31200026', 4, '31200026', 1, '2022-09-22 10:20:45', 'P'),
(246, 'IRMA ROSMAYANTI', NULL, '31200083', 4, '31200083', 1, '2022-09-22 10:20:57', 'P'),
(247, 'JINGGA FIRDAUS', NULL, '31200023', 4, '31200023', 1, '2022-09-22 10:21:12', 'L'),
(248, 'Eka Roehatul Jannah', NULL, '31212160', 4, '31212160', 1, '2022-09-22 10:22:01', 'P'),
(249, 'Eva Andini', NULL, '31212157', 4, '31212157', 1, '2022-09-22 10:22:13', 'P'),
(250, 'Farhan Rizky Al-Giffary', NULL, '31212174', 4, '31212174', 1, '2022-09-22 10:22:27', 'L'),
(251, 'Ferdinan', NULL, '31212132', 4, '31212132', 1, '2022-09-22 10:22:42', 'L'),
(252, 'Fitriyani', NULL, '31212133', 4, '31212133', 1, '2022-09-22 10:22:58', 'P'),
(253, 'Adisty Tri Putra', NULL, '31212201', 4, '31212201', 1, '2022-09-22 10:24:16', 'L'),
(254, 'Agita Hany Talia', NULL, '31212207', 4, '31212207', 1, '2022-09-22 10:24:33', 'P'),
(255, 'Aldi Ahmad Septian', NULL, '31212141', 4, '31212141', 1, '2022-09-22 10:24:50', 'L'),
(256, 'Andrea Panca Pramudita', NULL, '31212194', 4, '31212194', 1, '2022-09-22 10:25:06', 'L'),
(257, 'Anisatul Fadilah', NULL, '31212170', 4, '31212170', 1, '2022-09-22 10:25:28', 'P'),
(258, 'Aida Jundana Elsa', NULL, '31212125', 4, '31212125', 1, '2022-09-22 10:27:42', 'P'),
(259, 'Himmawan Firdan', NULL, '31212127', 4, '31212127', 1, '2022-09-22 10:27:55', 'L'),
(260, 'Muhammad Fauzan Hanindito', NULL, '31212175', 4, '31212175', 1, '2022-09-22 10:28:10', 'L'),
(261, 'Rijalul Wahid', NULL, '31212165', 4, '31212165', 1, '2022-09-22 10:28:23', 'L'),
(262, 'Sultan Gymnastiar', NULL, '31212158', 4, '31212158', 1, '2022-09-22 10:28:37', 'L'),
(263, 'Adi Kaswandi', NULL, '31212202', 4, '31212202', 1, '2022-09-22 10:28:57', 'L'),
(264, 'Ajay Maulana', NULL, '31212146', 4, '31212146', 1, '2022-09-22 10:29:14', 'L'),
(265, 'Anita Nur Kirana', NULL, '31212188', 4, '31212188', 1, '2022-09-22 10:31:34', 'P'),
(266, 'Chumaeroh', NULL, '31212189', 4, '31212189', 1, '2022-09-22 10:31:45', 'P'),
(267, 'Dimas Illi', NULL, '31212149', 4, '31212149', 1, '2022-09-22 10:31:58', 'L'),
(268, 'Arini Khansa Nabila', NULL, '31212162', 4, '31212162', 1, '2022-09-22 10:32:34', 'P'),
(269, 'Dede Hoeriah', NULL, '31212168', 4, '31212168', 1, '2022-09-22 10:32:50', 'L'),
(270, 'Deri Resti', NULL, '31212167', 4, '31212167', 1, '2022-09-22 10:33:02', 'P'),
(271, 'Ela Apriliyani', NULL, '31212171', 4, '31212171', 1, '2022-09-22 10:33:14', 'P'),
(272, 'Fariz Ramadan', NULL, '31212161', 4, '31212161', 1, '2022-09-22 10:33:26', 'L'),
(273, 'FIKRI BINTANG FETO APRIAN', NULL, '32201382', 5, '32201382', 1, '2022-09-22 10:35:32', 'L'),
(274, 'INDRI SETIANINGSIH', NULL, '32201386', 5, '32201386', 1, '2022-09-22 10:35:43', 'P'),
(275, 'KARIMATUL MAMLUAH', NULL, '32201387', 5, '32201387', 1, '2022-09-22 10:35:56', 'L'),
(276, 'LINTANG MUGI LESTARI', NULL, '32201381', 5, '32201381', 1, '2022-09-22 10:36:17', 'P'),
(277, 'NUR SIFA FITRIYANI', NULL, '32201384', 5, '32201384', 1, '2022-09-22 10:36:30', 'P'),
(278, 'DINI MARYANI', NULL, '32200064', 5, '32200064', 1, '2022-09-22 10:37:01', 'P'),
(279, 'EVA NURAROFAH', NULL, '32200019', 5, '32200019', 1, '2022-09-22 10:37:11', 'P'),
(280, 'FADHIL YUDISTIANTO', NULL, '32200058', 5, '32200058', 1, '2022-09-22 10:37:20', 'L'),
(281, 'FATHASYA MEYRA ARLIANSYAH', NULL, '32200057', 5, '32200057', 1, '2022-09-22 10:37:33', 'P'),
(282, 'INAYATUL AFRIYANI', NULL, '32200059', 5, '32200059', 1, '2022-09-22 10:37:42', 'P'),
(283, 'AFDUL HADI', NULL, '32200043', 5, '32200043', 1, '2022-09-22 10:38:00', 'L'),
(284, 'ASEP SURAHMAN', NULL, '32200044', 5, '32200044', 1, '2022-09-22 10:38:11', 'L'),
(285, 'AYUNDA FITRIYANA', NULL, '32200042', 5, '32200042', 1, '2022-09-22 10:38:22', 'P'),
(286, 'IWAN PII', NULL, '32200045', 5, '32200045', 1, '2022-09-22 10:38:35', 'L'),
(287, 'JAFAR', NULL, '32200048', 5, '32200048', 1, '2022-09-22 10:38:46', 'L'),
(288, 'ALYA FADIA', NULL, '32200063', 5, '32200063', 1, '2022-09-22 10:39:39', 'P'),
(289, 'ANGGA PEBDIKA', NULL, '32200053', 5, '32200053', 1, '2022-09-22 10:39:49', 'L'),
(290, 'AYU ZULHIJAH', NULL, '32200065', 5, '32200065', 1, '2022-09-22 10:40:02', 'P'),
(291, 'DARA AZLIL HURIAH', NULL, '32200051', 5, '32200051', 1, '2022-09-22 10:40:15', 'P'),
(292, 'FITRI WAHYUNI', NULL, '32200022', 5, '32200022', 1, '2022-09-22 10:40:25', 'P'),
(293, 'MARYAM WULANDARI', NULL, '32200039', 5, '32200039', 1, '2022-09-22 10:40:47', 'P'),
(294, 'NUR AFIASARI', NULL, '32200038', 5, '32200038', 1, '2022-09-22 10:40:58', 'P'),
(295, 'Absa Gavrila Pirsau', NULL, '32211454', 5, '32211454', 1, '2022-09-22 10:42:49', 'L'),
(296, 'Ainun Putri Nurhaliva', NULL, '32211540', 5, '32211540', 1, '2022-09-22 10:42:59', 'P'),
(297, 'Aji Sudrajat', NULL, '32211521', 5, '32211521', 1, '2022-09-22 10:43:11', 'L'),
(298, 'Alisia Salsabillah', NULL, '32211457', 5, '32211457', 1, '2022-09-22 10:43:26', 'P'),
(299, 'Ananda Oktavia Widya Utami', NULL, '32211511', 5, '32211511', 1, '2022-09-22 10:43:39', 'P'),
(300, 'Arifudin Elmino', NULL, '32211517', 5, '32211517', 1, '2022-09-22 10:43:57', 'L'),
(301, 'Atha\'Ullah Abrar Falih', NULL, '32211459', 5, '32211459', 1, '2022-09-22 10:44:11', 'L'),
(302, 'Dimas Ardiansyah', NULL, '32211463', 5, '32211463', 1, '2022-09-22 10:44:25', 'L'),
(303, 'Fauzia Taslima', NULL, '32211464', 5, '32211464', 1, '2022-09-22 10:44:43', 'L'),
(304, 'Guruh Maulana', NULL, '32211465', 5, '32211465', 1, '2022-09-22 10:44:56', 'L'),
(305, 'Agnes Faujia', NULL, '32211455', 5, '32211455', 1, '2022-09-22 10:45:10', 'P'),
(306, 'Aynun Nabila', NULL, '32211486', 5, '32211486', 1, '2022-09-22 10:45:21', 'P'),
(307, 'Dany Nur Rizki', NULL, '32211519', 5, '32211519', 1, '2022-09-22 10:45:31', 'L'),
(308, 'Dea Alfitriyani', NULL, '32211456', 5, '32211456', 1, '2022-09-22 10:45:41', 'P'),
(309, 'Dhelia Yui Saputri', NULL, '32211467', 5, '32211467', 1, '2022-09-22 10:45:56', 'P'),
(312, 'Azhar', NULL, '41200999', 1, '41200999', 1, '2022-10-09 03:35:23', 'L'),
(313, 'Asep Rusito', NULL, '32211518', 5, '32211518', 1, '2022-10-24 11:30:06', 'L'),
(314, 'Elora Hikmiyati Mulyadi', NULL, '32211452', 5, '32211452', 1, '2022-10-24 11:30:48', 'L'),
(315, 'Febry Widiastuti', NULL, '32211453', 5, '32211453', 1, '2022-10-24 11:34:02', 'P'),
(316, 'Kori\'a', NULL, '32211534', 5, '32211534', 1, '2022-10-24 11:34:27', 'P'),
(317, 'Andi Gunawan', NULL, '32211528', 5, '32211528', 1, '2022-10-24 11:36:25', 'L'),
(318, 'Annisa Sofialaela', NULL, '32211529', 5, '32211529', 1, '2022-10-24 11:36:51', 'P'),
(319, 'Dani Ramdani', NULL, '32211544', 5, '32211544', 1, '2022-10-24 11:37:16', 'L'),
(320, 'Deby Destiawati', NULL, '32211530', 5, '32211530', 1, '2022-10-24 11:37:42', 'P'),
(321, 'Ghina Khalda Rifdan', NULL, '32211531', 5, '32211531', 1, '2022-10-24 11:38:08', 'P');

-- --------------------------------------------------------

--
-- Struktur dari tabel `tb_mk`
--

CREATE TABLE `tb_mk` (
  `id_mk` int(11) NOT NULL,
  `id_prodi` int(11) DEFAULT NULL,
  `kode_mk` varchar(10) DEFAULT NULL,
  `mk_creator` varchar(20) NOT NULL,
  `nama_mk` varchar(50) NOT NULL,
  `singkatan_mk` varchar(7) NOT NULL,
  `mk_desc` varchar(200) DEFAULT NULL,
  `mk_created` timestamp NOT NULL DEFAULT current_timestamp(),
  `date_start` date DEFAULT NULL,
  `date_end` date DEFAULT NULL,
  `status_mk` tinyint(4) NOT NULL DEFAULT 1,
  `mk_active_points` int(11) NOT NULL DEFAULT 0,
  `dosen_pengampu` varchar(20) NOT NULL
) ENGINE=InnoDB DEFAULT CHARSET=utf8mb4;

--
-- Dumping data untuk tabel `tb_mk`
--

INSERT INTO `tb_mk` (`id_mk`, `id_prodi`, `kode_mk`, `mk_creator`, `nama_mk`, `singkatan_mk`, `mk_desc`, `mk_created`, `date_start`, `date_end`, `status_mk`, `mk_active_points`, `dosen_pengampu`) VALUES
(3, NULL, 'ALPRO', 'baak', 'Algoritma dan Pemrograman', 'Alpro', 'Algoritma Pemrograman adalah langkah-langkah yang ditulis secara berurutan untuk menyelesaikan masalah pemrograman komputer. ', '2022-08-24 09:20:34', NULL, NULL, 1, 1000, 'dosen'),
(4, NULL, 'SO', 'baak', 'Sistem Operasi', 'Siskom', 'Sistem operasi adalah perangkat lunak (software) yang dapat melakukan tugas mengontrol dan mengatur perangkat keras sekaligus operasi dasar sistem lainnya dan juga bisa untuk menjalankan program aplik', '2022-08-24 09:36:24', NULL, NULL, 1, 1000, 'arif'),
(5, NULL, 'KL', 'baak', 'Klasifikasi', 'KS', 'klasifikasi adalah penyusunan bersistem dalam kelompok atau golongan menurut kaidah atau standar yang ditetapkan. Klasifikasi', '2022-08-24 12:18:04', NULL, NULL, 1, 1000, 'agus'),
(6, NULL, 'SD', 'baak', 'Struktur Data', 'SD', 'Struktur Data Adalah mata kuliah yang ....', '2022-08-24 12:18:04', NULL, NULL, 1, 1000, 'odi'),
(7, NULL, 'CRD', 'baak', 'Cryptografi Dasar', 'CRD', 'Kriptografi adalah ilmu untuk mempelajari penulisan secara rahasia dengan tujuan bahwa komunikasi dan data dapat dikodekan (enkripsi)', '2022-08-25 12:18:50', NULL, NULL, 1, 1000, 'tuti'),
(8, NULL, 'MTK', 'baak', 'Statistika', 'MTK', 'Statistika adalah sebuah ilmu yang mempelajari bagaimana cara merencanakan, mengumpulkan, menganalisis, lalu menginterpretasikan, dan', '2022-08-25 12:18:50', NULL, NULL, 1, 1000, 'ahmad'),
(9, NULL, 'PBOD', 'baak', 'Pemrograman Berorientasi Objek Dasar', 'PBOD', 'Pemrograman Berorientasi Objek Dasar merupakan pemrograman yang berorientasikan kepada objek, dimana semua data dan fungsi dibungkus dalam class-class atau object-object.', '2022-08-25 12:22:54', NULL, NULL, 1, 1000, 'dita'),
(10, NULL, 'BD', 'baak', 'Basis Data', 'BD', 'Basis Data merupakan kumpulan data yang terorganisir, yang umumnya disimpan dan diakses secara elektronik dari suatu sistem komputer.', '2022-08-25 12:25:21', NULL, NULL, 1, 1000, 'nana'),
(11, NULL, 'APB', 'baak', 'Analisa Proses Bisnis', 'APB', 'Analisis proses bisnis merupakan suatu upaya mempelajari proses bisnis yang ada dalam satu atau beberapa organisasi, baik dalam operasi normal dan dalam situasi yang luar biasa', '2022-08-25 12:25:21', NULL, NULL, 1, 1000, 'rini'),
(13, NULL, 'JK2', 'baak', 'Jaringan Komputer 2', 'JK2', 'Jaringan Komputer adalah dua atau lebih perangkat komputer yang saling terhubung atau terkoneksi antara satu dengan yang lain dan digunakan untuk berbagai sumber data.', '2022-08-28 02:06:38', NULL, NULL, 1, 1000, 'martanto'),
(14, NULL, 'MD', 'baak', 'Matematika Diskrit', 'MD', 'Matematika diskrit atau diskret adalah cabang matematika yang membahas segala sesuatu yang bersifat diskrit. Diskrit disini artinya tidak saling berhubungan.', '2022-08-28 02:06:38', NULL, NULL, 1, 1000, 'ahmad'),
(15, NULL, 'DKS', 'baak', 'Dasar Keamanan Siber', 'DKS', 'Dasar-dasar keamanan cyber adalah langkah pertama untuk melawan peningkatan ancaman cyber.', '2022-08-28 02:07:38', NULL, NULL, 1, 1000, 'yudhis'),
(22, NULL, '01EF', 'baak', 'ETIKA PROFESI', 'EF', 'Etika Profesi Adalah ......', '2022-09-25 08:26:36', NULL, NULL, 1, 1000, 'bambang'),
(23, NULL, 'PWD03', 'baak', 'Pemrograman Web Dasar', 'PWD', 'Pemrograman Web Dasar adalah proses pembuatan instruksi-instruksi untuk menciptakan program/aplikasi berbasis internet yang dapat diakses melalui browser.', '2022-10-13 03:58:13', NULL, NULL, 1, 1000, 'dita');

-- --------------------------------------------------------

--
-- Struktur dari tabel `tb_mk_kelas`
--

CREATE TABLE `tb_mk_kelas` (
  `id_mk_kelas` varchar(30) NOT NULL,
  `id_mk` int(11) NOT NULL,
  `id_kelas` int(11) NOT NULL
) ENGINE=InnoDB DEFAULT CHARSET=utf8mb4;

--
-- Dumping data untuk tabel `tb_mk_kelas`
--

INSERT INTO `tb_mk_kelas` (`id_mk_kelas`, `id_mk`, `id_kelas`) VALUES
('10_15', 10, 15),
('10_8', 10, 8),
('13_15', 13, 15),
('13_8', 13, 8),
('14_15', 14, 15),
('14_8', 14, 8),
('15_15', 15, 15),
('15_8', 15, 8),
('3_25', 3, 25),
('3_26', 3, 26),
('3_27', 3, 27),
('4_25', 4, 25),
('4_26', 4, 26),
('5_15', 5, 15),
('5_25', 5, 25),
('5_27', 5, 27),
('5_8', 5, 8),
('6_15', 6, 15),
('6_26', 6, 26),
('6_27', 6, 27),
('6_8', 6, 8),
('7_15', 7, 15),
('7_8', 7, 8),
('8_15', 8, 15),
('8_8', 8, 8),
('9_15', 9, 15),
('9_8', 9, 8);

-- --------------------------------------------------------

--
-- Struktur dari tabel `tb_mk_sesi`
--

CREATE TABLE `tb_mk_sesi` (
  `id_mk_sesi` int(11) NOT NULL,
  `id_mk` int(11) NOT NULL,
  `no_subject` tinyint(4) DEFAULT NULL,
  `nama_mk_sesi` varchar(100) NOT NULL,
  `dosen_pengajar` varchar(20) NOT NULL,
  `status_mk_sesi` tinyint(4) DEFAULT -1 COMMENT '-1: belum dimulai\r\n1: started\r\nnull: berakhir',
  `durasi_kuliah` time DEFAULT NULL,
  `start_sesi_kuliah` timestamp NULL DEFAULT NULL,
  `stop_perkuliahan` timestamp NULL DEFAULT NULL,
  `jadwal_perkuliahan` timestamp NULL DEFAULT NULL
) ENGINE=InnoDB DEFAULT CHARSET=utf8mb4;

--
-- Dumping data untuk tabel `tb_mk_sesi`
--

INSERT INTO `tb_mk_sesi` (`id_mk_sesi`, `id_mk`, `no_subject`, `nama_mk_sesi`, `dosen_pengajar`, `status_mk_sesi`, `durasi_kuliah`, `start_sesi_kuliah`, `stop_perkuliahan`, `jadwal_perkuliahan`) VALUES
(154, 3, 1, 'Pertemuan Ke 1', 'dosen', 0, '01:30:00', '2022-09-22 12:29:50', '2022-09-22 12:29:50', '2022-09-12 09:27:40'),
(155, 4, 0, 'Pertemuan Ke 1', 'arif', 0, '01:30:00', '2022-09-22 12:29:50', '2022-09-22 12:29:50', '2022-09-12 09:27:40'),
(158, 5, NULL, 'Pertemuan Ke 1', 'ahmad', 0, '01:30:00', '2022-09-22 12:29:50', '2022-09-22 12:29:50', '2022-09-13 09:31:19'),
(159, 6, 0, 'Pertemuan Ke 1', 'odi', 0, '01:30:00', '2022-09-22 12:29:50', '2022-09-22 12:29:50', '2022-09-13 09:31:19'),
(160, 7, NULL, 'Pertemuan Ke 1', 'bambang', 0, '01:30:00', '2022-09-22 12:29:50', '2022-09-22 12:29:50', '2022-09-14 09:32:59'),
(161, 8, 0, 'Pertemuan Ke 1', 'ahmad', 0, '01:30:00', '2022-09-22 12:29:50', '2022-09-22 12:29:50', '2022-09-14 09:32:59'),
(164, 9, 1, 'Pertemuan Ke 1', 'dita', 0, '01:30:00', '2022-09-22 12:29:50', '2022-09-22 12:29:50', '2022-09-15 09:34:18'),
(165, 10, 0, 'Pertemuan Ke 1', 'nana', 0, '01:30:00', '2022-09-22 12:29:50', '2022-09-22 12:29:50', '2022-09-15 09:34:18'),
(166, 13, 0, 'Pertemuan Ke 1', 'martanto', 0, '01:30:00', '2022-09-20 09:28:05', '2022-09-20 10:30:51', '2022-09-16 09:35:44'),
(167, 14, NULL, 'Pertemuan Ke 1', 'martanto', 0, '01:30:00', '2022-09-22 12:38:25', '2022-09-22 12:39:06', '2022-09-16 09:35:44'),
(168, 15, NULL, 'Pertemuan Ke 1', 'nana', -1, NULL, NULL, NULL, '2022-09-17 09:37:23'),
(169, 3, 2, 'Pertemuan Ke 2', 'ade', -1, NULL, NULL, NULL, '2022-09-19 09:39:12'),
(170, 4, 0, 'Pertemuan Ke 2', 'arif', -1, NULL, NULL, NULL, '2022-09-19 09:39:12'),
(171, 5, NULL, 'Pertemuan Ke 2', 'ahmad', -1, NULL, NULL, NULL, '2022-09-20 09:39:12'),
(172, 6, 0, 'Pertemuan Ke 2', 'odi', -1, NULL, NULL, NULL, '2022-09-20 09:39:12'),
(173, 7, NULL, 'Pertemuan Ke 2', 'bambang', -1, NULL, NULL, NULL, '2022-09-21 09:39:12'),
(174, 8, 0, 'Pertemuan Ke 2', 'ahmad', -1, NULL, NULL, NULL, '2022-09-21 09:39:12'),
(175, 9, 2, 'Pertemuan Ke 2', 'dita', -1, NULL, NULL, NULL, '2022-09-22 09:39:12'),
(176, 10, 0, 'Pertemuan Ke 2', 'nana', 0, NULL, '2022-09-30 10:40:16', '2022-09-30 10:44:48', '2022-09-22 09:39:12'),
(177, 13, 0, 'Pertemuan Ke 2', 'martanto', -1, NULL, NULL, NULL, '2022-09-23 09:39:12'),
(178, 14, NULL, 'Pertemuan Ke 2', 'martanto', -1, NULL, NULL, NULL, '2022-09-23 09:39:12'),
(179, 15, NULL, 'Pertemuan Ke 2', 'nana', -1, NULL, NULL, NULL, '2022-09-24 09:39:12'),
(180, 3, 3, 'Pertemuan Ke 3', 'dosen', 0, NULL, '2022-10-21 04:08:41', '2022-10-21 04:09:46', '2022-09-26 09:39:12'),
(181, 4, 0, 'Pertemuan Ke 3', 'dosenfadhil', -1, NULL, NULL, NULL, '2022-09-26 09:39:12'),
(182, 5, NULL, 'Pertemuan Ke 3', 'ahmad', -1, NULL, NULL, NULL, '2022-09-27 09:39:12'),
(183, 6, 0, 'Pertemuan Ke 3', 'odi', -1, NULL, NULL, NULL, '2022-09-27 09:39:12'),
(184, 7, NULL, 'Pertemuan Ke 3', 'bambang', -1, NULL, NULL, NULL, '2022-09-28 09:39:12'),
(185, 8, 0, 'Pertemuan Ke 3', 'ahmad', -1, NULL, NULL, NULL, '2022-09-28 09:39:12'),
(186, 9, 3, 'Pertemuan Ke 3', 'ade', -1, NULL, NULL, NULL, '2022-09-29 09:39:12'),
(187, 10, 0, 'Pertemuan Ke 3', 'ade', -1, NULL, NULL, NULL, '2022-09-29 09:39:12'),
(188, 13, 0, 'Pertemuan Ke 3', 'martanto', -1, NULL, NULL, NULL, '2022-09-30 09:39:12'),
(189, 14, NULL, 'Pertemuan Ke 3', 'martanto', -1, NULL, NULL, NULL, '2022-09-30 09:39:12'),
(190, 15, NULL, 'Pertemuan Ke 3', 'nana', -1, NULL, NULL, NULL, '2022-10-01 09:39:12'),
(191, 3, 4, 'Pertemuan Ke 4', 'ade', -1, NULL, NULL, NULL, '2022-10-03 09:39:12'),
(192, 4, 0, 'Pertemuan Ke 4', 'yudhis', -1, NULL, NULL, NULL, '2022-10-03 09:39:12'),
(193, 5, NULL, 'Pertemuan Ke 4', 'ahmad', -1, NULL, NULL, NULL, '2022-10-04 09:39:12'),
(194, 6, 0, 'Pertemuan Ke 4', 'odi', -1, NULL, NULL, NULL, '2022-10-04 09:39:12'),
(195, 7, NULL, 'Pertemuan Ke 4', 'bambang', -1, NULL, NULL, NULL, '2022-10-05 09:39:12'),
(196, 8, 0, 'Pertemuan Ke 4', 'ahmad', -1, NULL, NULL, NULL, '2022-10-05 09:39:12'),
(197, 9, 4, 'Pertemuan Ke 4', 'ade', -1, NULL, NULL, NULL, '2022-10-06 09:39:12'),
(198, 10, 0, 'Pertemuan Ke 4', 'ade', -1, NULL, NULL, NULL, '2022-10-06 09:39:12'),
(199, 13, 0, 'Pertemuan Ke 4', 'martanto', -1, NULL, NULL, NULL, '2022-10-07 09:39:12'),
(200, 14, NULL, 'Pertemuan Ke 4', 'martanto', -1, NULL, NULL, NULL, '2022-10-07 09:39:12'),
(201, 15, NULL, 'Pertemuan Ke 4', 'nana', -1, NULL, NULL, NULL, '2022-10-08 09:39:12'),
(203, 22, NULL, 'Pertemuan Ke 1', 'bambang', -1, '01:30:00', NULL, NULL, NULL),
(204, 3, 5, 'Pertemuan Ke 5', 'dosen', -1, '01:30:00', NULL, NULL, '2022-10-10 02:01:13'),
(205, 13, 0, 'Pertemuan Ke 5', 'martanto', -1, '01:30:00', NULL, NULL, NULL),
(206, 13, 0, 'Pertemuan Ke 6', 'martanto', -1, '01:30:00', NULL, NULL, NULL),
(207, 13, 0, 'Pertemuan Ke 7', 'martanto', -1, '01:30:00', NULL, NULL, NULL),
(208, 13, 0, 'Pertemuan Ke 8', 'martanto', -1, '01:30:00', NULL, NULL, NULL),
(209, 13, 0, 'Pertemuan Ke 9', 'martanto', -1, '01:30:00', NULL, NULL, NULL),
(210, 13, 0, 'Pertemuan Ke 10', 'martanto', -1, '01:30:00', NULL, NULL, NULL),
(211, 13, 0, 'Pertemuan Ke 11', 'martanto', -1, '01:30:00', NULL, NULL, NULL),
(212, 13, 0, 'Pertemuan Ke 12', 'martanto', -1, '01:30:00', NULL, NULL, NULL),
(213, 13, 0, 'Pertemuan Ke 13', 'martanto', -1, '01:30:00', NULL, NULL, NULL),
(214, 13, 0, 'Pertemuan Ke 14', 'martanto', -1, '01:30:00', NULL, NULL, NULL),
(215, 13, 0, 'Pertemuan Ke 15', 'martanto', -1, '01:30:00', NULL, NULL, NULL),
(216, 13, 0, 'Pertemuan Ke 16', 'martanto', -1, '01:30:00', NULL, NULL, NULL),
(217, 8, 0, 'Pertemuan Ke 5', 'ahmad', -1, '01:30:00', NULL, NULL, NULL),
(218, 8, 0, 'Pertemuan Ke 6', 'ahmad', -1, '01:30:00', NULL, NULL, NULL),
(219, 8, 0, 'Pertemuan Ke 7', 'ahmad', -1, '01:30:00', NULL, NULL, NULL),
(220, 8, 0, 'Pertemuan Ke 8', 'ahmad', -1, '01:30:00', NULL, NULL, NULL),
(221, 8, 0, 'Pertemuan Ke 9', 'ahmad', -1, '01:30:00', NULL, NULL, NULL),
(222, 8, 0, 'Pertemuan Ke 10', 'ahmad', -1, '01:30:00', NULL, NULL, NULL),
(223, 8, 0, 'Pertemuan Ke 11', 'ahmad', -1, '01:30:00', NULL, NULL, NULL),
(224, 8, 0, 'Pertemuan Ke 12', 'ahmad', -1, '01:30:00', NULL, NULL, NULL),
(225, 8, 0, 'Pertemuan Ke 13', 'ahmad', -1, '01:30:00', NULL, NULL, NULL),
(226, 8, 0, 'Pertemuan Ke 14', 'ahmad', -1, '01:30:00', NULL, NULL, NULL),
(227, 8, 0, 'Pertemuan Ke 15', 'ahmad', -1, '01:30:00', NULL, NULL, NULL),
(228, 8, 0, 'Pertemuan Ke 16', 'ahmad', -1, '01:30:00', NULL, NULL, NULL),
(229, 23, 0, 'Pertemuan Ke 1', 'dita', -1, '01:30:00', NULL, NULL, NULL),
(230, 23, 0, 'Pertemuan Ke 2', 'dita', -1, '01:30:00', NULL, NULL, NULL),
(231, 23, 0, 'Pertemuan Ke 3', 'doseniin', -1, '01:30:00', NULL, NULL, NULL),
(232, 23, 0, 'Pertemuan Ke 4', 'doseniin', -1, '01:30:00', NULL, NULL, NULL),
(233, 23, 0, 'Pertemuan Ke 5', 'doseniin', -1, '01:30:00', NULL, NULL, NULL),
(234, 23, 0, 'Pertemuan Ke 6', 'doseniin', -1, '01:30:00', NULL, NULL, NULL),
(235, 23, 0, 'Pertemuan Ke 7', 'doseniin', -1, '01:30:00', NULL, NULL, NULL),
(236, 23, 0, 'Pertemuan Ke 8', 'doseniin', -1, '01:30:00', NULL, NULL, NULL),
(237, 23, 0, 'Pertemuan Ke 9', 'dita', -1, '01:30:00', NULL, NULL, NULL),
(238, 23, 0, 'Pertemuan Ke 10', 'dita', -1, '01:30:00', NULL, NULL, NULL),
(239, 23, 0, 'Pertemuan Ke 11', 'dita', -1, '01:30:00', NULL, NULL, NULL),
(240, 23, 0, 'Pertemuan Ke 12', 'dita', -1, '01:30:00', NULL, NULL, NULL),
(241, 23, 0, 'Pertemuan Ke 13', 'doseniin', -1, '01:30:00', NULL, NULL, NULL),
(242, 23, 0, 'Pertemuan Ke 14', 'doseniin', -1, '01:30:00', NULL, NULL, NULL),
(243, 23, 0, 'Pertemuan Ke 15', 'dosenfadhil', -1, '01:30:00', NULL, NULL, NULL),
(244, 23, 0, 'Pertemuan Ke 16', 'dosenfadhil', -1, '01:30:00', NULL, NULL, NULL),
(245, 6, 0, 'Pertemuan Ke 5', 'odi', -1, '01:30:00', NULL, NULL, NULL),
(246, 6, 0, 'Pertemuan Ke 6', 'odi', -1, '01:30:00', NULL, NULL, NULL),
(247, 6, 0, 'Pertemuan Ke 7', 'odi', -1, '01:30:00', NULL, NULL, NULL),
(248, 6, 0, 'Pertemuan Ke 8', 'odi', -1, '01:30:00', NULL, NULL, NULL),
(249, 6, 0, 'Pertemuan Ke 9', 'odi', -1, '01:30:00', NULL, NULL, NULL),
(250, 6, 0, 'Pertemuan Ke 10', 'odi', -1, '01:30:00', NULL, NULL, NULL),
(251, 6, 0, 'Pertemuan Ke 11', 'odi', -1, '01:30:00', NULL, NULL, NULL),
(252, 6, 0, 'Pertemuan Ke 12', 'odi', -1, '01:30:00', NULL, NULL, NULL),
(253, 6, 0, 'Pertemuan Ke 13', 'odi', -1, '01:30:00', NULL, NULL, NULL),
(254, 6, 0, 'Pertemuan Ke 14', 'odi', -1, '01:30:00', NULL, NULL, NULL),
(255, 6, 0, 'Pertemuan Ke 15', 'odi', -1, '01:30:00', NULL, NULL, NULL),
(256, 6, 0, 'Pertemuan Ke 16', 'odi', -1, '01:30:00', NULL, NULL, NULL),
(257, 9, 0, 'Pertemuan Ke 5', 'ade', -1, '01:30:00', NULL, NULL, NULL),
(258, 9, 0, 'Pertemuan Ke 6', 'ade', -1, '01:30:00', NULL, NULL, NULL),
(259, 9, 0, 'Pertemuan Ke 7', 'ade', -1, '01:30:00', NULL, NULL, NULL),
(260, 9, 0, 'Pertemuan Ke 8', 'ade', -1, '01:30:00', NULL, NULL, NULL),
(261, 9, 0, 'Pertemuan Ke 9', 'ade', -1, '01:30:00', NULL, NULL, NULL),
(262, 9, 0, 'Pertemuan Ke 10', 'ade', -1, '01:30:00', NULL, NULL, NULL),
(263, 9, 0, 'Pertemuan Ke 11', 'ade', -1, '01:30:00', NULL, NULL, NULL),
(264, 9, 0, 'Pertemuan Ke 12', 'dita', -1, '01:30:00', NULL, NULL, NULL),
(265, 9, 0, 'Pertemuan Ke 13', 'dita', -1, '01:30:00', NULL, NULL, NULL),
(266, 9, 0, 'Pertemuan Ke 14', 'ade', -1, '01:30:00', NULL, NULL, NULL),
(267, 9, 0, 'Pertemuan Ke 15', 'ade', -1, '01:30:00', NULL, NULL, NULL),
(268, 9, 0, 'Pertemuan Ke 16', 'dita', -1, '01:30:00', NULL, NULL, NULL),
(269, 4, 0, 'Pertemuan Ke 5', 'yudhis', -1, '01:30:00', NULL, NULL, NULL),
(270, 4, 0, 'Pertemuan Ke 6', 'yudhis', -1, '01:30:00', NULL, NULL, NULL),
(271, 4, 0, 'Pertemuan Ke 7', 'yudhis', -1, '01:30:00', NULL, NULL, NULL),
(272, 4, 0, 'Pertemuan Ke 8', 'irfan', -1, '01:30:00', NULL, NULL, NULL),
(273, 4, 0, 'Pertemuan Ke 9', 'irfan', -1, '01:30:00', NULL, NULL, NULL),
(274, 4, 0, 'Pertemuan Ke 10', 'yudhis', -1, '01:30:00', NULL, NULL, NULL),
(275, 4, 0, 'Pertemuan Ke 11', 'yudhis', -1, '01:30:00', NULL, NULL, NULL),
(276, 4, 0, 'Pertemuan Ke 12', 'yudhis', -1, '01:30:00', NULL, NULL, NULL),
(277, 4, 0, 'Pertemuan Ke 13', 'dosenfadhil', -1, '01:30:00', NULL, NULL, NULL),
(278, 4, 0, 'Pertemuan Ke 14', 'dosenfadhil', -1, '01:30:00', NULL, NULL, NULL),
(279, 4, 0, 'Pertemuan Ke 15', 'irfan', -1, '01:30:00', NULL, NULL, NULL),
(280, 4, 0, 'Pertemuan Ke 16', 'irfan', -1, '01:30:00', NULL, NULL, NULL),
(281, 10, 0, 'Pertemuan Ke 5', 'nana', -1, '01:30:00', NULL, NULL, NULL),
(282, 10, 0, 'Pertemuan Ke 6', 'nana', -1, '01:30:00', NULL, NULL, NULL),
(283, 10, 0, 'Pertemuan Ke 7', 'rini', -1, '01:30:00', NULL, NULL, NULL),
(284, 10, 0, 'Pertemuan Ke 8', 'rini', -1, '01:30:00', NULL, NULL, NULL),
(285, 10, 0, 'Pertemuan Ke 9', 'rini', -1, '01:30:00', NULL, NULL, NULL),
(286, 10, 0, 'Pertemuan Ke 10', 'rini', -1, '01:30:00', NULL, NULL, NULL),
(287, 10, 0, 'Pertemuan Ke 11', 'rini', -1, '01:30:00', NULL, NULL, NULL),
(288, 10, 0, 'Pertemuan Ke 12', 'nana', -1, '01:30:00', NULL, NULL, NULL),
(289, 10, 0, 'Pertemuan Ke 13', 'nana', -1, '01:30:00', NULL, NULL, NULL),
(290, 10, 0, 'Pertemuan Ke 14', 'nana', -1, '01:30:00', NULL, NULL, NULL),
(291, 10, 0, 'Pertemuan Ke 15', 'nana', -1, '01:30:00', NULL, NULL, NULL),
(292, 10, 0, 'Pertemuan Ke 16', 'nana', -1, '01:30:00', NULL, NULL, NULL);

-- --------------------------------------------------------

--
-- Struktur dari tabel `tb_mk_sesi_login_point`
--

CREATE TABLE `tb_mk_sesi_login_point` (
  `id_mk_sesi_login_point` varchar(50) NOT NULL,
  `id_mk_sesi` int(11) NOT NULL,
  `id_login` int(11) NOT NULL,
  `login_point` int(11) NOT NULL
) ENGINE=InnoDB DEFAULT CHARSET=utf8mb4;

-- --------------------------------------------------------

--
-- Struktur dari tabel `tb_presensi`
--

CREATE TABLE `tb_presensi` (
  `id_presensi` varchar(30) NOT NULL,
  `id_mk_sesi` int(11) NOT NULL,
  `username` varchar(20) NOT NULL,
  `tanggal_presensi` timestamp NOT NULL DEFAULT current_timestamp(),
  `poin_presensi` mediumint(9) DEFAULT NULL
) ENGINE=InnoDB DEFAULT CHARSET=utf8mb4;

--
-- Dumping data untuk tabel `tb_presensi`
--

INSERT INTO `tb_presensi` (`id_presensi`, `id_mk_sesi`, `username`, `tanggal_presensi`, `poin_presensi`) VALUES
('154_41200124', 154, '41200124', '2022-09-22 12:37:25', 1000),
('154_41200125', 154, '41200125', '2022-09-22 12:37:25', 900),
('154_41204740', 154, '41204740', '2022-09-22 12:36:23', 800),
('154_41204745', 154, '41204745', '2022-09-22 12:36:23', 910),
('154_41204755', 154, '41204755', '2022-09-22 12:35:33', 950),
('154_41204756', 154, '41204756', '2022-09-22 12:35:33', 990),
('154_dosen', 154, 'dosen', '2022-09-22 12:32:49', NULL),
('155_41204740', 155, '41204740', '2022-09-22 12:43:29', 1000),
('155_41204745', 155, '41204745', '2022-09-22 12:43:29', 1000),
('155_41204755', 155, '41204755', '2022-09-22 12:42:40', 1000),
('155_41204756', 155, '41204756', '2022-09-22 12:42:40', 1000),
('155_agus', 155, 'agus', '2022-09-22 12:41:31', NULL);

-- --------------------------------------------------------

--
-- Struktur dari tabel `tb_prodi`
--

CREATE TABLE `tb_prodi` (
  `id_prodi` int(11) NOT NULL,
  `nama_prodi` varchar(50) NOT NULL,
  `singkatan_prodi` varchar(5) NOT NULL,
  `nama_kaprodi` varchar(50) DEFAULT NULL,
  `nidn_kaprodi` char(10) DEFAULT NULL
) ENGINE=InnoDB DEFAULT CHARSET=utf8mb4;

--
-- Dumping data untuk tabel `tb_prodi`
--

INSERT INTO `tb_prodi` (`id_prodi`, `nama_prodi`, `singkatan_prodi`, `nama_kaprodi`, `nidn_kaprodi`) VALUES
(1, 'Teknik Informatika', 'TI', 'Gifthera Dwilestari', '1234'),
(2, 'Rekayasa Perangkat Lunak', 'RPL', 'Odi Nurdiawan', NULL),
(3, 'Sistem Informasi', 'SI', 'Arif Rinaldi Dikananda', NULL),
(4, 'Manajemen Informatika', 'MI', 'Arif Rinaldi Dikananda', NULL),
(5, 'Komputerisasi Akuntansi', 'KA', 'Odi Nurdiawan', '78912');

-- --------------------------------------------------------

--
-- Struktur dari tabel `tb_user`
--

CREATE TABLE `tb_user` (
  `username` varchar(20) NOT NULL,
  `password` varchar(200) NOT NULL,
  `admin_level` tinyint(4) NOT NULL,
  `last_login` timestamp NULL DEFAULT NULL,
  `last_activity` timestamp NULL DEFAULT NULL,
  `last_time_activity` time DEFAULT NULL,
  `tanggal_buat` timestamp NOT NULL DEFAULT current_timestamp(),
  `terverifikasi_email` tinyint(1) DEFAULT NULL,
  `terverifikasi_wa` tinyint(1) DEFAULT NULL,
  `password_hint` varchar(200) DEFAULT NULL,
  `folder_uploads` char(20) DEFAULT NULL
) ENGINE=InnoDB DEFAULT CHARSET=utf8mb4;

--
-- Dumping data untuk tabel `tb_user`
--

INSERT INTO `tb_user` (`username`, `password`, `admin_level`, `last_login`, `last_activity`, `last_time_activity`, `tanggal_buat`, `terverifikasi_email`, `terverifikasi_wa`, `password_hint`, `folder_uploads`) VALUES
('31200022', 'ecdfacbc0d41d495a7f7d479888bc9c7', 1, '2022-10-08 00:39:54', '2022-10-08 01:36:02', '12:38:01', '2022-08-27 12:10:43', NULL, NULL, NULL, '_6336bddde5d44.jpg'),
('31200023', 'c140c67f308211d4d699535dbe04b84e', 1, '2022-09-24 09:29:53', NULL, NULL, '2022-09-22 10:21:12', NULL, NULL, NULL, '_632ecd29cb2c3.jpg'),
('31200024', '3a1244eb888b4b42814994f3c0675a25', 1, NULL, NULL, NULL, '2022-08-27 12:10:43', NULL, NULL, NULL, '_6322e2840c921.png'),
('31200026', 'e4c3f224a956d5a5877a58a7be32e2a6', 1, '2022-10-21 04:06:52', NULL, NULL, '2022-09-22 10:20:45', NULL, NULL, NULL, '_63521ac9661f7.jpg'),
('31200033', '267bf6cfe06d73a017d5920d3d11c0d6', 1, NULL, NULL, NULL, '2022-09-22 10:17:19', NULL, NULL, NULL, NULL),
('31200035', 'd62d41cf17704ddd6cb22c9688130f73', 1, NULL, NULL, NULL, '2022-09-22 10:16:19', NULL, NULL, NULL, '537495386_pp8.png'),
('31200068', '79bace078cfe03d7505e5867e638cd4e', 1, NULL, NULL, NULL, '2022-09-22 10:19:03', NULL, NULL, NULL, NULL),
('31200069', '5ce993796b3be6e0912aa60ea6b83b9f', 1, NULL, NULL, NULL, '2022-09-22 10:19:32', NULL, NULL, NULL, NULL),
('31200070', '893f4edbde1d2c006748b9707fbf8c71', 1, NULL, NULL, NULL, '2022-09-22 10:18:52', NULL, NULL, NULL, NULL),
('31200072', '8de13959395270bf9d6819f818ab1a00', 1, NULL, NULL, NULL, '2022-09-22 10:18:40', NULL, NULL, NULL, NULL),
('31200074', 'ee6e50c79453044a74aa2b87a0f42a41', 1, NULL, NULL, NULL, '2022-09-22 10:19:18', NULL, NULL, NULL, NULL),
('31200080', '34dc315a61901933d2d2cfe31f9c774c', 1, NULL, NULL, NULL, '2022-09-22 10:20:33', NULL, NULL, NULL, NULL),
('31200083', 'cc3f85bed89fc34e4950a15718e1e918', 1, NULL, NULL, NULL, '2022-09-22 10:20:57', NULL, NULL, NULL, NULL),
('31200089', '139177ca25d51a60ba9aad5d0ca5d8f6', 1, NULL, NULL, NULL, '2022-09-22 10:20:21', NULL, NULL, NULL, NULL),
('31200096', '766099978372920a25540dfc2a7edf06', 1, NULL, NULL, NULL, '2022-09-22 10:16:07', NULL, NULL, NULL, NULL),
('31200097', '6d0af4e392f962efcd45a3aead5a315c', 1, NULL, NULL, NULL, '2022-09-22 10:16:41', NULL, NULL, NULL, NULL),
('31200098', 'ecd6ffecd86969eda5eddb4d1d08d463', 1, NULL, NULL, NULL, '2022-09-22 10:17:32', NULL, NULL, NULL, NULL),
('31202049', '8d2c1831424f8f6f82c439d915d3ba89', 1, NULL, '2022-09-15 22:43:58', NULL, '2022-08-27 12:15:32', NULL, NULL, NULL, '_6323a97e4d30b.png'),
('31202050', '91d0a3edccc12040421aa2367f7897a8', 1, NULL, NULL, NULL, '2022-08-27 12:15:32', NULL, NULL, NULL, '_6322b622a6e9e.png'),
('31202051', '11b80a90e74245edeb6425b7702b275e', 1, NULL, NULL, NULL, '2022-08-27 12:15:32', NULL, NULL, NULL, NULL),
('31202052', 'b4971a8056bd7403c3826c9e3f8bb929', 1, NULL, NULL, NULL, '2022-08-27 12:15:32', NULL, NULL, NULL, NULL),
('31202053', '2e2a328e201674e384e734babdcd79ac', 1, NULL, NULL, NULL, '2022-08-27 12:15:32', NULL, NULL, NULL, NULL),
('31202054', 'ed1e56ef963bb91c45a14a50c2f3cd95', 1, '2022-09-15 05:01:51', NULL, NULL, '2022-08-27 12:15:32', NULL, NULL, NULL, '_6322b1a9e07cb.jpeg'),
('31202055', 'daf036f7f77e11a342e9520ff8fc256d', 1, '2022-09-15 05:13:35', NULL, NULL, '2022-08-27 12:15:32', NULL, NULL, NULL, '_6322b24db6a7b.jpeg'),
('31202056', 'da97e2abb3f47c585115842cef9aa5d3', 1, NULL, NULL, NULL, '2022-08-27 12:15:32', NULL, NULL, NULL, NULL),
('31202057', 'b6bfe67e1d1066574318c35064ff916e', 1, NULL, NULL, NULL, '2022-08-27 12:15:32', NULL, NULL, NULL, NULL),
('31202058', '9bf82836198a9909fe566666b057b669', 1, NULL, NULL, NULL, '2022-08-27 12:15:32', NULL, NULL, NULL, NULL),
('31212125', '525eb617f94b5b1c07b5028c6960bbcd', 1, NULL, NULL, NULL, '2022-09-22 10:27:42', NULL, NULL, NULL, NULL),
('31212127', '900176dd507fa9af19b0230df8f4d135', 1, NULL, NULL, NULL, '2022-09-22 10:27:55', NULL, NULL, NULL, NULL),
('31212132', '1391a3b46f2a88c04d943addd0d28470', 1, NULL, NULL, NULL, '2022-09-22 10:22:42', NULL, NULL, NULL, NULL),
('31212133', '850b298f7887d278ce14ae91fdb2f4da', 1, NULL, NULL, NULL, '2022-09-22 10:22:58', NULL, NULL, NULL, NULL),
('31212141', 'e9955fbfca52963fc2323d73923760ed', 1, NULL, NULL, NULL, '2022-09-22 10:24:50', NULL, NULL, NULL, NULL),
('31212146', 'd1e417c9098004eb0248b33cb9ea455e', 1, NULL, NULL, NULL, '2022-09-22 10:29:14', NULL, NULL, NULL, NULL),
('31212149', '57a0a7490788500264333af095b0b388', 1, NULL, NULL, NULL, '2022-09-22 10:31:58', NULL, NULL, NULL, NULL),
('31212157', 'b81a22564e7bf93ba5860d366de543a7', 1, NULL, NULL, NULL, '2022-09-22 10:22:13', NULL, NULL, NULL, NULL),
('31212158', '95bf40d4c4ecfeb9f58561bad628d83f', 1, NULL, NULL, NULL, '2022-09-22 10:28:37', NULL, NULL, NULL, NULL),
('31212160', '05c617f68477d87bf5d393708aa167e6', 1, NULL, NULL, NULL, '2022-09-22 10:22:01', NULL, NULL, NULL, NULL),
('31212161', '27e4bfd1518514c92df0caac89226a1d', 1, NULL, NULL, NULL, '2022-09-22 10:33:26', NULL, NULL, NULL, NULL),
('31212162', 'ae9e97608bfc997a37782bcd7d623deb', 1, NULL, NULL, NULL, '2022-09-22 10:32:34', NULL, NULL, NULL, NULL),
('31212165', 'a8cd75344d6de44fc643262f0dd9169f', 1, NULL, NULL, NULL, '2022-09-22 10:28:23', NULL, NULL, NULL, NULL),
('31212167', '7ebfd6e109262529da387ed5608836ef', 1, NULL, NULL, NULL, '2022-09-22 10:33:02', NULL, NULL, NULL, NULL),
('31212168', 'f423bc36df279e2439927a363f2c2733', 1, NULL, NULL, NULL, '2022-09-22 10:32:50', NULL, NULL, NULL, NULL),
('31212170', 'bb49385879c70524f3f645ea4a971adb', 1, NULL, NULL, NULL, '2022-09-22 10:25:28', NULL, NULL, NULL, NULL),
('31212171', '3a2b531b0e3613003b4d061c8a6969fa', 1, NULL, NULL, NULL, '2022-09-22 10:33:14', NULL, NULL, NULL, NULL),
('31212174', '3993c7ecb3110d47d540f562196988d5', 1, NULL, NULL, NULL, '2022-09-22 10:22:27', NULL, NULL, NULL, NULL),
('31212175', '9c2f947b3606a5577ae742ca88735ecf', 1, NULL, NULL, NULL, '2022-09-22 10:28:10', NULL, NULL, NULL, NULL),
('31212188', 'c93b33d8f0a7b350c8e7303f36891fec', 1, NULL, NULL, NULL, '2022-09-22 10:31:34', NULL, NULL, NULL, NULL),
('31212189', '849fc41307817b858db03db2aabcf672', 1, NULL, NULL, NULL, '2022-09-22 10:31:45', NULL, NULL, NULL, NULL),
('31212194', '01c60f15a8759e0a6a607bf198eccb4e', 1, NULL, NULL, NULL, '2022-09-22 10:25:06', NULL, NULL, NULL, NULL),
('31212201', 'bad36ed5611b641296b2fb0ee8f7295c', 1, NULL, NULL, NULL, '2022-09-22 10:24:16', NULL, NULL, NULL, NULL),
('31212202', 'c9492994c34cff385f563baa5f4c56d7', 1, NULL, NULL, NULL, '2022-09-22 10:28:57', NULL, NULL, NULL, NULL),
('31212207', '32b102cb9f22a1f27108f356778a740a', 1, NULL, NULL, NULL, '2022-09-22 10:24:33', NULL, NULL, NULL, NULL),
('32200019', '3f4397a3437c9048ea8e396112f79dc9', 1, NULL, NULL, NULL, '2022-09-22 10:37:11', NULL, NULL, NULL, NULL),
('32200022', '12b881ace6e639c9d0d6fd4330f2c28c', 1, NULL, NULL, NULL, '2022-09-22 10:40:25', NULL, NULL, NULL, NULL),
('32200038', 'ec31ad7dd6c29097703ecfbcfdb645a6', 1, NULL, NULL, NULL, '2022-09-22 10:40:58', NULL, NULL, NULL, NULL),
('32200039', '4726f5fa193af33a12a40338254c3688', 1, NULL, NULL, NULL, '2022-09-22 10:40:47', NULL, NULL, NULL, NULL),
('32200042', '547a6fd59752efff29ca4feb580bcf78', 1, NULL, NULL, NULL, '2022-09-22 10:38:22', NULL, NULL, NULL, NULL),
('32200043', 'e38535ca91500392b547b08349753c15', 1, NULL, NULL, NULL, '2022-09-22 10:38:00', NULL, NULL, NULL, NULL),
('32200044', '37c23035a3c9e96c73053e12797d6152', 1, NULL, NULL, NULL, '2022-09-22 10:38:11', NULL, NULL, NULL, NULL),
('32200045', '9bd13b5166f07f622ef3b38b588b86a5', 1, NULL, NULL, NULL, '2022-09-22 10:38:35', NULL, NULL, NULL, NULL),
('32200048', 'c842517d3fa94af43e4bc78d34eb01fa', 1, NULL, NULL, NULL, '2022-09-22 10:38:46', NULL, NULL, NULL, NULL),
('32200051', 'e467e9703db15334888da9ba10366082', 1, NULL, NULL, NULL, '2022-09-22 10:40:15', NULL, NULL, NULL, NULL),
('32200053', '39d4621b8e94585a458a904834959056', 1, NULL, NULL, NULL, '2022-09-22 10:39:49', NULL, NULL, NULL, NULL),
('32200057', '030f0fd96c5f47b12f3c1e0d66c3db75', 1, NULL, NULL, NULL, '2022-09-22 10:37:33', NULL, NULL, NULL, NULL),
('32200058', 'b194c970caacf7103f5225bf9618b4e3', 1, NULL, NULL, NULL, '2022-09-22 10:37:20', NULL, NULL, NULL, NULL),
('32200059', '842f090756654b97e4775d6ea0f8793f', 1, NULL, NULL, NULL, '2022-09-22 10:37:42', NULL, NULL, NULL, NULL),
('32200063', 'c025bdd05182caaf51024ece5858675d', 1, NULL, NULL, NULL, '2022-09-22 10:39:39', NULL, NULL, NULL, NULL),
('32200064', '3baafc235555058e1c1c19e9e2bad0d2', 1, NULL, NULL, NULL, '2022-09-22 10:37:01', NULL, NULL, NULL, NULL),
('32200065', 'c45c26e42f67053200f046239b68de06', 1, NULL, NULL, NULL, '2022-09-22 10:40:02', NULL, NULL, NULL, NULL),
('32201381', 'e28621fc62f8aa25aa2c3a745bc34c20', 1, NULL, NULL, NULL, '2022-09-22 10:36:17', NULL, NULL, NULL, NULL),
('32201382', '2751b2e3e3e2c79ccceb17cc42e5de5d', 1, NULL, NULL, NULL, '2022-09-22 10:35:32', NULL, NULL, NULL, NULL),
('32201384', '956d7af5472cdc2b254f9b7d052bfcf8', 1, NULL, NULL, NULL, '2022-09-22 10:36:30', NULL, NULL, NULL, NULL),
('32201386', 'fd28af475aca75f545c2875d94753c12', 1, NULL, NULL, NULL, '2022-09-22 10:35:43', NULL, NULL, NULL, NULL),
('32201387', '0745d0ac5d6dbab2f69cdc66ffcd80cb', 1, NULL, NULL, NULL, '2022-09-22 10:35:56', NULL, NULL, NULL, NULL),
('32211452', 'b8ded92ea17c91d426fb21e48b0afd9b', 1, NULL, NULL, NULL, '2022-10-24 11:30:48', NULL, NULL, NULL, NULL),
('32211453', '0f09b3969cb327deb27252174895940b', 1, NULL, NULL, NULL, '2022-10-24 11:34:02', NULL, NULL, NULL, NULL),
('32211454', 'dd8230d04317cb49be2a7953be559d24', 1, NULL, NULL, NULL, '2022-09-22 10:42:49', NULL, NULL, NULL, NULL),
('32211455', '0a3391b6eed610042372580e81a1b540', 1, NULL, NULL, NULL, '2022-09-22 10:45:10', NULL, NULL, NULL, NULL),
('32211456', '3793daf33d2acf9356c5c3f5281cb739', 1, NULL, NULL, NULL, '2022-09-22 10:45:41', NULL, NULL, NULL, NULL),
('32211457', '9a3683da3d62a7b16fd129907963730a', 1, NULL, NULL, NULL, '2022-09-22 10:43:26', NULL, NULL, NULL, NULL),
('32211459', 'd782a0d0c735ded3db26e0cf1939b14f', 1, NULL, NULL, NULL, '2022-09-22 10:44:11', NULL, NULL, NULL, NULL),
('32211463', 'c4a60b2fc51cfa056b9ef1c04e78178c', 1, NULL, NULL, NULL, '2022-09-22 10:44:25', NULL, NULL, NULL, NULL),
('32211464', '3b3a9682eec9e00efc72fb1ebdf18115', 1, NULL, NULL, NULL, '2022-09-22 10:44:43', NULL, NULL, NULL, NULL),
('32211465', 'c992511968f05ace9969f950d0692db1', 1, NULL, NULL, NULL, '2022-09-22 10:44:56', NULL, NULL, NULL, NULL),
('32211467', '7d17adf4c43f28fe5265b828f43d7b55', 1, NULL, NULL, NULL, '2022-09-22 10:45:56', NULL, NULL, NULL, NULL),
('32211486', '7b12219f13ae23ce6bc412a75f89b42c', 1, NULL, NULL, NULL, '2022-09-22 10:45:21', NULL, NULL, NULL, NULL),
('32211511', '67736107982bf9e998711557cc4bfff1', 1, NULL, NULL, NULL, '2022-09-22 10:43:39', NULL, NULL, NULL, NULL),
('32211517', 'ee6ff7054f196fe6eb7c5b5359f9b57c', 1, NULL, NULL, NULL, '2022-09-22 10:43:57', NULL, NULL, NULL, NULL),
('32211518', '6fe522c00f2f88bccdcbeb68c9165363', 1, NULL, NULL, NULL, '2022-10-24 11:30:06', NULL, NULL, NULL, NULL),
('32211519', 'a934f51dec3780a71cf1dae737b278f6', 1, NULL, NULL, NULL, '2022-09-22 10:45:31', NULL, NULL, NULL, NULL),
('32211521', 'aa72376b8e23cce4294864864e19f385', 1, NULL, NULL, NULL, '2022-09-22 10:43:11', NULL, NULL, NULL, NULL),
('32211528', 'e22975cc422b78e5c66d9fd217b9556e', 1, NULL, NULL, NULL, '2022-10-24 11:36:25', NULL, NULL, NULL, NULL),
('32211529', '61eec554305f19cb10d863121b018b67', 1, NULL, NULL, NULL, '2022-10-24 11:36:51', NULL, NULL, NULL, NULL),
('32211530', '0088293c3631cee48b7da4d469e0399c', 1, NULL, NULL, NULL, '2022-10-24 11:37:42', NULL, NULL, NULL, NULL),
('32211531', '6e8d3d51ae6040d248b3fdc099f202eb', 1, NULL, NULL, NULL, '2022-10-24 11:38:08', NULL, NULL, NULL, NULL),
('32211534', '8849d88fba36e689825b0ed38062657f', 1, NULL, NULL, NULL, '2022-10-24 11:34:27', NULL, NULL, NULL, NULL),
('32211540', '8f0330cfc5744c8b8b44fc01a8fc275b', 1, NULL, NULL, NULL, '2022-09-22 10:42:59', NULL, NULL, NULL, NULL),
('32211544', 'bb8e8abc6b5e7a73ff8c073e971e18b2', 1, NULL, NULL, NULL, '2022-10-24 11:37:16', NULL, NULL, NULL, NULL),
('41200111', '33451fb092295ed31d8b5cba1dd56bbf', 1, NULL, NULL, NULL, '2022-09-22 08:26:34', NULL, NULL, NULL, NULL),
('41200123', '5df772d69e0c719b078e266a33910732', 1, NULL, NULL, NULL, '2022-09-22 08:23:17', NULL, NULL, NULL, NULL),
('41200124', '984d8144fa08bfc637d2825463e184fa', 1, '2022-10-09 03:02:16', '2022-10-09 03:01:04', NULL, '2022-09-22 08:21:32', NULL, NULL, NULL, '_634239a9bf2a3.jpg'),
('41200125', 'd3008430302c7ec09b5a1e60ae5d3add', 1, '2022-11-28 09:39:54', '2022-11-28 00:13:37', NULL, '2022-08-19 00:00:34', NULL, NULL, NULL, '_6362190c5bac2.jpeg'),
('41200126', '428a78b4fee47253898d7918c0a09160', 1, NULL, NULL, NULL, '2022-08-24 08:36:12', NULL, NULL, NULL, NULL),
('41200129', 'dfcb58a5868dc15b1687926999a19f27', 1, NULL, NULL, NULL, '2022-09-22 08:24:55', NULL, NULL, NULL, NULL),
('41200131', '7189cfeba6d9097a61e3dbd01d78b444', 1, NULL, NULL, NULL, '2022-09-22 08:22:32', NULL, NULL, NULL, NULL),
('41200454', '6492c0869f6e3ca0ed60753920cc931e', 1, NULL, NULL, NULL, '2022-09-22 08:23:33', NULL, NULL, NULL, NULL),
('41200468', '14a16a902a7401bb519214926562f62c', 1, NULL, NULL, NULL, '2022-09-22 08:25:21', NULL, NULL, NULL, NULL),
('41200469', '5488c3d2fbe28c39d274171b04dc1496', 1, NULL, NULL, NULL, '2022-09-22 08:25:41', NULL, NULL, NULL, NULL),
('41200482', '041a6ccb513db7ff1ce316939901edba', 1, NULL, NULL, NULL, '2022-09-22 08:25:55', NULL, NULL, NULL, NULL),
('41200489', 'c53dded26248f315dec5d8577b2024fd', 1, NULL, NULL, NULL, '2022-09-22 08:24:19', NULL, NULL, NULL, NULL),
('41200493', '7685b5df05a62cdcc83cec739bc972d2', 1, NULL, NULL, NULL, '2022-09-22 08:24:03', NULL, NULL, NULL, NULL),
('41200500', '8f2c0fc943c39b924bdeeb11eaac9442', 1, NULL, NULL, NULL, '2022-09-22 08:26:09', NULL, NULL, NULL, NULL),
('41200505', '721bb8633a626c1b86f3ce0b037ec35f', 1, NULL, NULL, NULL, '2022-09-22 08:22:49', NULL, NULL, NULL, NULL),
('41200999', 'f1de377a56e4d2ad731794fc978e1f67', 1, NULL, NULL, NULL, '2022-10-09 03:35:23', NULL, NULL, NULL, NULL),
('41204740', '6ead299211480859174a01e968b78818', 1, NULL, NULL, NULL, '2022-08-24 08:36:12', NULL, NULL, NULL, NULL),
('41204745', 'e6fc56ff8f571fd9ec5147dac5d0643d', 1, NULL, NULL, NULL, '2022-08-24 08:36:12', NULL, NULL, NULL, NULL),
('41204747', '050d90fe304605c0164360162c688cec', 1, NULL, NULL, NULL, '2022-09-22 07:52:38', NULL, NULL, NULL, NULL),
('41204754', 'ad3e85d8a1b8ad68a30d53c90468832c', 1, NULL, NULL, NULL, '2022-08-24 08:36:12', NULL, NULL, NULL, NULL),
('41204755', '1c3cbe850606a32b69055262b0f1a6e9', 1, NULL, NULL, NULL, '2022-09-22 07:14:36', NULL, NULL, NULL, NULL),
('41204756', '15d9801e8429958b72e558383297f77b', 1, NULL, NULL, NULL, '2022-08-24 08:36:12', NULL, NULL, NULL, NULL),
('41204757', 'bdfbe627683df90604dd76ff17f97827', 1, NULL, NULL, NULL, '2022-08-24 08:36:12', NULL, NULL, NULL, NULL),
('41204768', 'a82b93ebb78f14265e93580cd6304ee9', 1, NULL, NULL, NULL, '2022-09-22 08:20:21', NULL, NULL, NULL, NULL),
('41204772', '05238397447551a5ddbaec85d5939fb6', 1, NULL, NULL, NULL, '2022-08-24 08:36:12', NULL, NULL, NULL, NULL),
('41204779', 'a3be02b0691ace725aa564016923ea36', 1, NULL, NULL, NULL, '2022-09-22 08:20:45', NULL, NULL, NULL, NULL),
('41215345', 'ba68c46ee054f525dcbe5d2cea447da4', 1, NULL, NULL, NULL, '2022-09-22 08:43:58', NULL, NULL, NULL, NULL),
('41215354', 'd1f03cb5bac6bdb0a735a0592c432cf3', 1, NULL, NULL, NULL, '2022-09-22 08:44:33', NULL, NULL, NULL, NULL),
('41215356', '409a0fc9ea2ad99325ae19f03f94b352', 1, NULL, NULL, NULL, '2022-09-22 08:44:53', NULL, NULL, NULL, NULL),
('41215359', 'dc3f5566832c902ac5457556cde7e62f', 1, NULL, NULL, NULL, '2022-09-22 08:32:08', NULL, NULL, NULL, NULL),
('41215366', 'd06147c9eff1c89fe592f66bd0bcb311', 1, NULL, NULL, NULL, '2022-09-22 08:33:07', NULL, NULL, NULL, NULL),
('41215375', 'ce62b6039c57edc82fccc3e2e606d708', 1, NULL, NULL, NULL, '2022-09-22 08:36:10', NULL, NULL, NULL, NULL),
('41215384', '6140fa9ab9bb5c3781e760dc3d28e6a8', 1, NULL, NULL, NULL, '2022-09-22 08:46:52', NULL, NULL, NULL, NULL),
('41215488', '2781d32bbb7ea6ec57fc4aa128203d2a', 1, NULL, NULL, NULL, '2022-09-22 08:36:59', NULL, NULL, NULL, NULL),
('41215515', 'ded75e5111e93ea37cc0d3b15c8a49a8', 1, NULL, NULL, NULL, '2022-09-22 08:44:19', NULL, NULL, NULL, NULL),
('41215537', '69e0aaf3122ba915c8f147b481a571b9', 1, NULL, NULL, NULL, '2022-09-22 08:42:37', NULL, NULL, NULL, NULL),
('41215552', '9a11692d810c38ccc5971f6feaa07724', 1, NULL, NULL, NULL, '2022-09-22 08:45:10', NULL, NULL, NULL, NULL),
('41215561', '2a5d339916e5607c869c4db3873d3c59', 1, NULL, NULL, NULL, '2022-09-22 08:42:14', NULL, NULL, NULL, NULL),
('41215585', 'df9ceeec710e3cce7a0764e8bfee2319', 1, NULL, NULL, NULL, '2022-09-22 08:41:38', NULL, NULL, NULL, NULL),
('41215619', '72fa0c8819f98abd99eebaaa7f347315', 1, NULL, NULL, NULL, '2022-09-22 08:31:34', NULL, NULL, NULL, NULL),
('41215623', 'f9a3a30ea0ce9c436663c8239a091189', 1, NULL, NULL, NULL, '2022-09-22 08:46:39', NULL, NULL, NULL, NULL),
('41215624', '3a261e7f5d55957016ccc2310ae681a4', 1, NULL, NULL, NULL, '2022-09-22 08:43:04', NULL, NULL, NULL, NULL),
('41215645', 'f40d3b086f4e7a7515cd84d771c4fd93', 1, NULL, NULL, NULL, '2022-09-22 08:37:26', NULL, NULL, NULL, NULL),
('41215658', 'b92925b43fee2261188d7cd90d7ede32', 1, NULL, NULL, NULL, '2022-09-22 08:40:57', NULL, NULL, NULL, NULL),
('41215685', '226a1ad34fdbe6286e5c9084132c8365', 1, NULL, NULL, NULL, '2022-09-22 08:45:48', NULL, NULL, NULL, NULL),
('41215715', 'b8c56ee14f51916cd872738d17b9b5e3', 1, NULL, NULL, NULL, '2022-09-22 08:31:47', NULL, NULL, NULL, NULL),
('41215723', '6b42cc1b334f81fbe2d91ff298e85b46', 1, NULL, NULL, NULL, '2022-09-22 08:46:00', NULL, NULL, NULL, NULL),
('41215763', '22eb6078b75df6a2ac70d2be1b93fdbb', 1, NULL, NULL, NULL, '2022-09-22 08:37:43', NULL, NULL, NULL, NULL),
('41215909', 'c0cc39f64030a0dc8ae3946b271b9253', 1, NULL, NULL, NULL, '2022-09-22 08:41:17', NULL, NULL, NULL, NULL),
('41215922', 'b2d63a60cb4562626cf712e460cdd11a', 1, NULL, NULL, NULL, '2022-09-22 08:46:18', NULL, NULL, NULL, NULL),
('41215988', '6d217bbd55db295542077a11043cb9b0', 1, NULL, NULL, NULL, '2022-09-22 08:43:23', NULL, NULL, NULL, NULL),
('42200002', '045fbed5adf9292ca4ed8c1d83205105', 1, NULL, NULL, NULL, '2022-09-22 09:34:02', NULL, NULL, NULL, NULL),
('42200010', 'fefe2177f63fb89bdc75783c2995edee', 1, NULL, NULL, NULL, '2022-09-22 09:16:34', NULL, NULL, NULL, NULL),
('42200013', '3f392782c6214750a67194e1124df1c3', 1, NULL, NULL, NULL, '2022-09-22 09:16:50', NULL, NULL, NULL, NULL),
('42200014', '16b67f4cf7fa1edbf11c048e17f942c0', 1, NULL, NULL, NULL, '2022-09-22 09:16:08', NULL, NULL, NULL, NULL),
('42210017', '272f28d2e47211b11dea059bc471f7ee', 1, NULL, NULL, NULL, '2022-09-22 09:03:22', NULL, NULL, NULL, NULL),
('42210018', '31f43d3110bfcb3bff613995fc9761c7', 1, NULL, NULL, NULL, '2022-09-22 09:04:55', NULL, NULL, NULL, NULL),
('42210019', 'ea8f9205fdcd8270ae2bf72eaf99abea', 1, NULL, NULL, NULL, '2022-09-22 09:05:13', NULL, NULL, NULL, NULL),
('42210020', '44cee1204532600c8c02f59321953982', 1, NULL, NULL, NULL, '2022-09-22 08:50:49', NULL, NULL, NULL, NULL),
('42210021', 'aecf8e4571f80bafc81da73c14a4368c', 1, NULL, NULL, NULL, '2022-09-22 09:02:49', NULL, NULL, NULL, NULL),
('42210022', 'ddcc7fdeaa8aaaf1268b4ca304511555', 1, NULL, NULL, NULL, '2022-09-22 09:03:06', NULL, NULL, NULL, NULL),
('42210023', 'b7073a861d560fafbbd2d29c4abc917b', 1, NULL, NULL, NULL, '2022-09-22 08:51:49', NULL, NULL, NULL, NULL),
('42210024', '41f58da13cd5e3764c780800e6b37659', 1, NULL, NULL, NULL, '2022-09-22 08:51:25', NULL, NULL, NULL, NULL),
('42210025', '94225376f9528cf3987860dab2d33aec', 1, NULL, NULL, NULL, '2022-09-22 08:52:34', NULL, NULL, NULL, NULL),
('42210026', '9d2ae3853b15c0c113b724b60c1e56b7', 1, NULL, NULL, NULL, '2022-09-22 09:04:31', NULL, NULL, NULL, NULL),
('42210027', '1d04aae5cdad8aac06046a1a4fc26aae', 1, NULL, NULL, NULL, '2022-09-22 08:52:10', NULL, NULL, NULL, NULL),
('42210028', '49a01e1de62772ca0e2e0e4eebbea8a8', 1, NULL, NULL, NULL, '2022-09-22 09:04:12', NULL, NULL, NULL, NULL),
('43200001', 'be6ec376844f838b547ab62184192df6', 1, NULL, NULL, NULL, '2022-09-22 10:07:59', NULL, NULL, NULL, NULL),
('43200002', '0210f224522a50e09c2c47b46ec67763', 1, NULL, NULL, NULL, '2022-09-22 10:08:21', NULL, NULL, NULL, NULL),
('43200003', 'ffcc233a40ed3658f470f92788187867', 1, NULL, NULL, NULL, '2022-09-22 10:05:26', NULL, NULL, NULL, NULL),
('43200004', 'fbc1c4632ff96933d9386671436cf678', 1, NULL, NULL, NULL, '2022-09-22 10:07:02', NULL, NULL, NULL, NULL),
('43200005', '677f1e33e8667cb19557a68faa22d127', 1, NULL, NULL, NULL, '2022-09-22 10:07:38', NULL, NULL, NULL, NULL),
('43200007', '1885c284a42be6edf11c7d35b0183103', 1, NULL, NULL, NULL, '2022-09-22 10:04:14', NULL, NULL, NULL, NULL),
('43200008', 'c48dba2f74f76bcae7a733280aad083d', 1, NULL, NULL, NULL, '2022-09-22 10:05:51', NULL, NULL, NULL, NULL),
('43200009', '7fa6931b304393db443ea1f04760f304', 1, NULL, NULL, NULL, '2022-09-22 10:06:32', NULL, NULL, NULL, NULL),
('43200011', '152ae2963aee2373497b43d97ac1851b', 1, NULL, NULL, NULL, '2022-09-22 10:08:37', NULL, NULL, NULL, NULL),
('43200018', '0a4d4fed6edfe0bc154d6e7a63f1b601', 1, NULL, NULL, NULL, '2022-09-22 10:07:24', NULL, NULL, NULL, NULL),
('43200019', 'e8fd8be1c9e2d81dab03980ecea6802c', 1, NULL, NULL, NULL, '2022-09-22 10:04:53', NULL, NULL, NULL, NULL),
('43200020', '174dbd4dd42a5fa5b3f5b30f1fcab092', 1, NULL, NULL, NULL, '2022-09-22 10:04:29', NULL, NULL, NULL, NULL),
('43200023', 'e5fff5cd0eeb0108e70aa1a1d9373374', 1, NULL, NULL, NULL, '2022-09-22 10:08:54', NULL, NULL, NULL, NULL),
('43200024', 'a05a48b385f513862f072351bdeef189', 1, NULL, NULL, NULL, '2022-09-22 10:09:10', NULL, NULL, NULL, NULL),
('43210026', '1887e349d7918b393c0921b9ac46124e', 1, NULL, NULL, NULL, '2022-09-22 10:10:20', NULL, NULL, NULL, NULL),
('43210027', '7d3d307ca8d2041ca8b11d43e0efd888', 1, NULL, NULL, NULL, '2022-09-22 10:11:39', NULL, NULL, NULL, NULL),
('43210028', '6c3f42ff472a68a583dbf493d4cfd10a', 1, NULL, NULL, NULL, '2022-09-22 10:11:05', NULL, NULL, NULL, NULL),
('43210029', 'db2e8532762dc632a2f8e8d3440bb857', 1, NULL, NULL, NULL, '2022-09-22 10:12:00', NULL, NULL, NULL, NULL),
('43210031', 'a6dc19b776ac4ae6c7bc7d8a0304c9ff', 1, NULL, NULL, NULL, '2022-09-22 10:12:36', NULL, NULL, NULL, NULL),
('43210042', 'e82155e19f865e88e82630829a00c309', 1, NULL, NULL, NULL, '2022-09-22 10:12:22', NULL, NULL, NULL, NULL),
('43210045', '297260849a7ffaaad15807301f562033', 1, NULL, NULL, NULL, '2022-09-22 10:09:49', NULL, NULL, NULL, NULL),
('43210051', 'e9ab10cb1230ff9267016ab839a9f42e', 1, NULL, NULL, NULL, '2022-09-22 10:10:03', NULL, NULL, NULL, NULL),
('43210052', 'b4efceb22b4333c78b1f6cb57defcf46', 1, NULL, NULL, NULL, '2022-09-22 10:10:49', NULL, NULL, NULL, NULL),
('43210054', '8e2003c12020bdab583b7999bd4e87b8', 1, NULL, NULL, NULL, '2022-09-22 10:11:25', NULL, NULL, NULL, NULL),
('ade', 'fa6a6bd136dec26a1dd5e326b7e43254', 2, '2022-10-12 01:28:33', NULL, NULL, '2022-08-25 12:13:11', NULL, NULL, NULL, '_63244c474a2cf.jpg'),
('agus', '2ff21b12c92491fe0d07decd520b989d', 2, '2022-09-16 10:13:01', '2022-09-16 04:11:25', NULL, '2022-08-25 00:19:41', NULL, NULL, NULL, '_632060c5b49b7.png'),
('ahmad', '8de13959395270bf9d6819f818ab1a00', 2, NULL, NULL, NULL, '2022-08-25 12:13:11', NULL, NULL, NULL, NULL),
('arif', '0ff6c3ace16359e41e37d40b8301d67f', 2, NULL, NULL, NULL, '2022-08-21 05:18:04', NULL, NULL, NULL, NULL),
('baak', '96d1d5f66af5133b7df24f3eb4fff380', 3, '2023-01-23 08:04:13', NULL, NULL, '2022-08-19 00:00:34', NULL, NULL, NULL, '_6322e1ef1615b.png'),
('bambang', 'a9711cbb2e3c2d5fc97a63e45bbe5076', 2, NULL, NULL, NULL, '2022-08-25 12:13:11', NULL, NULL, NULL, NULL),
('dita', '0b65843f41d92b4bd5858a25525891ea', 2, '2022-09-15 08:29:30', NULL, NULL, '2022-08-25 12:13:11', NULL, NULL, NULL, '_6322e247da786.jpg'),
('dosen', 'd5bbfb47ac3160c31fa8c247827115aa', 2, '2022-11-28 00:13:51', '2022-11-03 07:19:18', NULL, '2022-08-19 00:03:35', NULL, NULL, NULL, '_634242b031c57.png'),
('dosenfadhil', 'af7cdfd5b63936226be6e59bce4500b0', 2, NULL, NULL, NULL, '2022-10-13 04:08:13', NULL, NULL, NULL, NULL),
('doseniin', '95ee1247c4024f1a591d3ab51c453fa7', 2, NULL, NULL, NULL, '2022-10-13 03:59:19', NULL, NULL, NULL, NULL),
('gifthera', 'c1b04527b7cccbafdc3f26e7a47d94b5', 2, '2022-09-30 10:39:13', NULL, NULL, '2022-08-21 05:18:04', NULL, NULL, NULL, '_6336c76615e0f.jpg'),
('irfan', 'f968916466217b0d667fb523a6c86f7c', 2, '2022-09-24 09:32:53', '2022-09-26 05:33:34', NULL, '2022-08-28 02:24:07', NULL, NULL, NULL, '_633139c0cecb3.jpg'),
('martanto', '387a7ed4f98fb336191d1a8e3aba9098', 2, '2022-09-24 09:32:05', '2022-09-24 09:31:49', NULL, '2022-08-25 12:13:11', NULL, NULL, NULL, NULL),
('nana', '809ff1a59880f23eb9fffa8eac4d6cf3', 2, '2022-10-08 01:31:12', NULL, NULL, '2022-08-25 12:13:11', NULL, NULL, NULL, '_6340d2f9c088d.png'),
('odi', '95734b47c7b7d7c3be6da6d9aac3a7a1', 2, NULL, NULL, NULL, '2022-08-21 05:18:04', NULL, NULL, NULL, NULL),
('rini', '07a7af79e06caf7153289574a97037ff', 2, NULL, NULL, NULL, '2022-08-25 12:13:11', NULL, NULL, NULL, NULL),
('sepiani', '7ea4b06193a5df442e75ae32a6192a96', 3, NULL, NULL, NULL, '2022-08-21 05:21:02', NULL, NULL, NULL, NULL),
('tati', 'd6a9b920af25b1d240105bec4efe9c81', 2, NULL, NULL, NULL, '2022-08-25 12:13:11', NULL, NULL, NULL, NULL),
('tuti', '7da0da6bf56eb7dc3f1b10684b7c806e', 2, NULL, NULL, NULL, '2022-08-25 12:09:23', NULL, NULL, NULL, NULL),
('umi', 'e84f942d7f93ddc14d24b930d87e3da7', 2, NULL, NULL, NULL, '2022-08-25 12:13:11', NULL, NULL, NULL, NULL),
('yudhis', '41f460a9ded946c0d973061b6b06f5fb', 2, NULL, NULL, NULL, '2022-08-28 01:57:48', NULL, NULL, NULL, NULL);

--
-- Indexes for dumped tables
--

--
-- Indeks untuk tabel `tb_chat`
--
ALTER TABLE `tb_chat`
  ADD PRIMARY KEY (`id_chat`),
  ADD KEY `chat_by` (`chat_by`),
  ADD KEY `id_mk_sesi` (`id_mk_sesi`),
  ADD KEY `chat_type` (`id_chat_type`),
  ADD KEY `id_chat_type` (`id_chat_type`);

--
-- Indeks untuk tabel `tb_chat_answer`
--
ALTER TABLE `tb_chat_answer`
  ADD PRIMARY KEY (`answer_id`),
  ADD UNIQUE KEY `id_chat_answer_by` (`id_chat_answer_by`),
  ADD KEY `answer_by` (`answer_by`),
  ADD KEY `chat_id` (`id_chat`);

--
-- Indeks untuk tabel `tb_chat_like`
--
ALTER TABLE `tb_chat_like`
  ADD PRIMARY KEY (`id_chat_like`),
  ADD KEY `like_by` (`like_by`),
  ADD KEY `id_chat` (`id_chat`);

--
-- Indeks untuk tabel `tb_chat_type`
--
ALTER TABLE `tb_chat_type`
  ADD PRIMARY KEY (`id_chat_type`),
  ADD UNIQUE KEY `chat_type` (`chat_type`);

--
-- Indeks untuk tabel `tb_dosen`
--
ALTER TABLE `tb_dosen`
  ADD PRIMARY KEY (`id_dosen`),
  ADD KEY `username` (`username`),
  ADD KEY `id_prodi` (`id_prodi`),
  ADD KEY `nidn` (`nidn`);

--
-- Indeks untuk tabel `tb_jadwal`
--
ALTER TABLE `tb_jadwal`
  ADD PRIMARY KEY (`id_jadwal`),
  ADD KEY `id_mk_sesi` (`id_mk_sesi`),
  ADD KEY `id_kelas` (`id_kelas`);

--
-- Indeks untuk tabel `tb_kelas`
--
ALTER TABLE `tb_kelas`
  ADD PRIMARY KEY (`id_kelas`),
  ADD UNIQUE KEY `kode_kelas` (`kode_kelas`),
  ADD KEY `id_prodi` (`id_prodi`);

--
-- Indeks untuk tabel `tb_kelas_peserta`
--
ALTER TABLE `tb_kelas_peserta`
  ADD PRIMARY KEY (`id_kelas_peserta`),
  ADD KEY `id_kelas` (`id_kelas`),
  ADD KEY `username` (`username`),
  ADD KEY `insert_by` (`insert_by`);

--
-- Indeks untuk tabel `tb_login`
--
ALTER TABLE `tb_login`
  ADD PRIMARY KEY (`id_login`),
  ADD KEY `username` (`username`);

--
-- Indeks untuk tabel `tb_mhs`
--
ALTER TABLE `tb_mhs`
  ADD PRIMARY KEY (`id_mhs`),
  ADD UNIQUE KEY `nim` (`nim`),
  ADD KEY `username` (`username`),
  ADD KEY `id_prodi` (`id_prodi`);

--
-- Indeks untuk tabel `tb_mk`
--
ALTER TABLE `tb_mk`
  ADD PRIMARY KEY (`id_mk`),
  ADD UNIQUE KEY `kode_mk` (`kode_mk`),
  ADD KEY `creator` (`mk_creator`),
  ADD KEY `id_prodi` (`id_prodi`),
  ADD KEY `dosen_pengampu` (`dosen_pengampu`);

--
-- Indeks untuk tabel `tb_mk_kelas`
--
ALTER TABLE `tb_mk_kelas`
  ADD PRIMARY KEY (`id_mk_kelas`),
  ADD KEY `id_mk` (`id_mk`),
  ADD KEY `id_kelas` (`id_kelas`);

--
-- Indeks untuk tabel `tb_mk_sesi`
--
ALTER TABLE `tb_mk_sesi`
  ADD PRIMARY KEY (`id_mk_sesi`),
  ADD KEY `id_mk` (`id_mk`),
  ADD KEY `dosen_pengajar` (`dosen_pengajar`);

--
-- Indeks untuk tabel `tb_mk_sesi_login_point`
--
ALTER TABLE `tb_mk_sesi_login_point`
  ADD PRIMARY KEY (`id_mk_sesi_login_point`),
  ADD KEY `id_mk_sesi` (`id_mk_sesi`),
  ADD KEY `id_login` (`id_login`),
  ADD KEY `login_point` (`login_point`);

--
-- Indeks untuk tabel `tb_presensi`
--
ALTER TABLE `tb_presensi`
  ADD PRIMARY KEY (`id_presensi`),
  ADD KEY `id_mk_sesi` (`id_mk_sesi`),
  ADD KEY `username` (`username`);

--
-- Indeks untuk tabel `tb_prodi`
--
ALTER TABLE `tb_prodi`
  ADD PRIMARY KEY (`id_prodi`),
  ADD UNIQUE KEY `singkatan_prodi` (`singkatan_prodi`),
  ADD UNIQUE KEY `nidn_kaprodi` (`nidn_kaprodi`);

--
-- Indeks untuk tabel `tb_user`
--
ALTER TABLE `tb_user`
  ADD PRIMARY KEY (`username`),
  ADD UNIQUE KEY `folder_uploads` (`folder_uploads`);

--
-- AUTO_INCREMENT untuk tabel yang dibuang
--

--
-- AUTO_INCREMENT untuk tabel `tb_chat`
--
ALTER TABLE `tb_chat`
  MODIFY `id_chat` int(11) NOT NULL AUTO_INCREMENT, AUTO_INCREMENT=76;

--
-- AUTO_INCREMENT untuk tabel `tb_chat_answer`
--
ALTER TABLE `tb_chat_answer`
  MODIFY `answer_id` int(11) NOT NULL AUTO_INCREMENT, AUTO_INCREMENT=94;

--
-- AUTO_INCREMENT untuk tabel `tb_chat_type`
--
ALTER TABLE `tb_chat_type`
  MODIFY `id_chat_type` tinyint(4) NOT NULL AUTO_INCREMENT, AUTO_INCREMENT=4;

--
-- AUTO_INCREMENT untuk tabel `tb_dosen`
--
ALTER TABLE `tb_dosen`
  MODIFY `id_dosen` int(11) NOT NULL AUTO_INCREMENT, AUTO_INCREMENT=37;

--
-- AUTO_INCREMENT untuk tabel `tb_jadwal`
--
ALTER TABLE `tb_jadwal`
  MODIFY `id_jadwal` int(11) NOT NULL AUTO_INCREMENT;

--
-- AUTO_INCREMENT untuk tabel `tb_kelas`
--
ALTER TABLE `tb_kelas`
  MODIFY `id_kelas` int(11) NOT NULL AUTO_INCREMENT, AUTO_INCREMENT=89;

--
-- AUTO_INCREMENT untuk tabel `tb_login`
--
ALTER TABLE `tb_login`
  MODIFY `id_login` int(11) NOT NULL AUTO_INCREMENT, AUTO_INCREMENT=47;

--
-- AUTO_INCREMENT untuk tabel `tb_mhs`
--
ALTER TABLE `tb_mhs`
  MODIFY `id_mhs` int(11) NOT NULL AUTO_INCREMENT, AUTO_INCREMENT=322;

--
-- AUTO_INCREMENT untuk tabel `tb_mk`
--
ALTER TABLE `tb_mk`
  MODIFY `id_mk` int(11) NOT NULL AUTO_INCREMENT, AUTO_INCREMENT=24;

--
-- AUTO_INCREMENT untuk tabel `tb_mk_sesi`
--
ALTER TABLE `tb_mk_sesi`
  MODIFY `id_mk_sesi` int(11) NOT NULL AUTO_INCREMENT, AUTO_INCREMENT=293;

--
-- AUTO_INCREMENT untuk tabel `tb_prodi`
--
ALTER TABLE `tb_prodi`
  MODIFY `id_prodi` int(11) NOT NULL AUTO_INCREMENT, AUTO_INCREMENT=20;

--
-- Ketidakleluasaan untuk tabel pelimpahan (Dumped Tables)
--

--
-- Ketidakleluasaan untuk tabel `tb_chat`
--
ALTER TABLE `tb_chat`
  ADD CONSTRAINT `tb_chat_ibfk_1` FOREIGN KEY (`chat_by`) REFERENCES `tb_user` (`username`),
  ADD CONSTRAINT `tb_chat_ibfk_2` FOREIGN KEY (`id_mk_sesi`) REFERENCES `tb_mk_sesi` (`id_mk_sesi`),
  ADD CONSTRAINT `tb_chat_ibfk_3` FOREIGN KEY (`id_chat_type`) REFERENCES `tb_chat_type` (`id_chat_type`);

--
-- Ketidakleluasaan untuk tabel `tb_chat_answer`
--
ALTER TABLE `tb_chat_answer`
  ADD CONSTRAINT `tb_chat_answer_ibfk_1` FOREIGN KEY (`id_chat`) REFERENCES `tb_chat` (`id_chat`),
  ADD CONSTRAINT `tb_chat_answer_ibfk_2` FOREIGN KEY (`answer_by`) REFERENCES `tb_user` (`username`);

--
-- Ketidakleluasaan untuk tabel `tb_chat_like`
--
ALTER TABLE `tb_chat_like`
  ADD CONSTRAINT `tb_chat_like_ibfk_1` FOREIGN KEY (`id_chat`) REFERENCES `tb_chat` (`id_chat`),
  ADD CONSTRAINT `tb_chat_like_ibfk_2` FOREIGN KEY (`like_by`) REFERENCES `tb_user` (`username`);

--
-- Ketidakleluasaan untuk tabel `tb_dosen`
--
ALTER TABLE `tb_dosen`
  ADD CONSTRAINT `tb_dosen_ibfk_1` FOREIGN KEY (`id_prodi`) REFERENCES `tb_prodi` (`id_prodi`),
  ADD CONSTRAINT `tb_dosen_ibfk_2` FOREIGN KEY (`username`) REFERENCES `tb_user` (`username`);

--
-- Ketidakleluasaan untuk tabel `tb_jadwal`
--
ALTER TABLE `tb_jadwal`
  ADD CONSTRAINT `tb_jadwal_ibfk_1` FOREIGN KEY (`id_mk_sesi`) REFERENCES `tb_mk_sesi` (`id_mk_sesi`) ON DELETE CASCADE ON UPDATE CASCADE,
  ADD CONSTRAINT `tb_jadwal_ibfk_2` FOREIGN KEY (`id_kelas`) REFERENCES `tb_kelas` (`id_kelas`) ON DELETE CASCADE ON UPDATE CASCADE;

--
-- Ketidakleluasaan untuk tabel `tb_kelas`
--
ALTER TABLE `tb_kelas`
  ADD CONSTRAINT `tb_kelas_ibfk_1` FOREIGN KEY (`id_prodi`) REFERENCES `tb_prodi` (`id_prodi`);

--
-- Ketidakleluasaan untuk tabel `tb_kelas_peserta`
--
ALTER TABLE `tb_kelas_peserta`
  ADD CONSTRAINT `tb_kelas_peserta_ibfk_1` FOREIGN KEY (`id_kelas`) REFERENCES `tb_kelas` (`id_kelas`),
  ADD CONSTRAINT `tb_kelas_peserta_ibfk_2` FOREIGN KEY (`username`) REFERENCES `tb_user` (`username`),
  ADD CONSTRAINT `tb_kelas_peserta_ibfk_3` FOREIGN KEY (`insert_by`) REFERENCES `tb_user` (`username`);

--
-- Ketidakleluasaan untuk tabel `tb_login`
--
ALTER TABLE `tb_login`
  ADD CONSTRAINT `tb_login_ibfk_1` FOREIGN KEY (`username`) REFERENCES `tb_user` (`username`);

--
-- Ketidakleluasaan untuk tabel `tb_mhs`
--
ALTER TABLE `tb_mhs`
  ADD CONSTRAINT `tb_mhs_ibfk_1` FOREIGN KEY (`id_prodi`) REFERENCES `tb_prodi` (`id_prodi`),
  ADD CONSTRAINT `tb_mhs_ibfk_2` FOREIGN KEY (`username`) REFERENCES `tb_user` (`username`);

--
-- Ketidakleluasaan untuk tabel `tb_mk`
--
ALTER TABLE `tb_mk`
  ADD CONSTRAINT `tb_mk_ibfk_1` FOREIGN KEY (`mk_creator`) REFERENCES `tb_user` (`username`),
  ADD CONSTRAINT `tb_mk_ibfk_2` FOREIGN KEY (`id_prodi`) REFERENCES `tb_prodi` (`id_prodi`),
  ADD CONSTRAINT `tb_mk_ibfk_3` FOREIGN KEY (`dosen_pengampu`) REFERENCES `tb_user` (`username`);

--
-- Ketidakleluasaan untuk tabel `tb_mk_kelas`
--
ALTER TABLE `tb_mk_kelas`
  ADD CONSTRAINT `tb_mk_kelas_ibfk_1` FOREIGN KEY (`id_mk`) REFERENCES `tb_mk` (`id_mk`),
  ADD CONSTRAINT `tb_mk_kelas_ibfk_2` FOREIGN KEY (`id_kelas`) REFERENCES `tb_kelas` (`id_kelas`);

--
-- Ketidakleluasaan untuk tabel `tb_mk_sesi`
--
ALTER TABLE `tb_mk_sesi`
  ADD CONSTRAINT `tb_mk_sesi_ibfk_1` FOREIGN KEY (`id_mk`) REFERENCES `tb_mk` (`id_mk`),
  ADD CONSTRAINT `tb_mk_sesi_ibfk_2` FOREIGN KEY (`dosen_pengajar`) REFERENCES `tb_user` (`username`);

--
-- Ketidakleluasaan untuk tabel `tb_mk_sesi_login_point`
--
ALTER TABLE `tb_mk_sesi_login_point`
  ADD CONSTRAINT `tb_mk_sesi_login_point_ibfk_1` FOREIGN KEY (`id_login`) REFERENCES `tb_login` (`id_login`),
  ADD CONSTRAINT `tb_mk_sesi_login_point_ibfk_2` FOREIGN KEY (`id_mk_sesi`) REFERENCES `tb_mk_sesi` (`id_mk_sesi`);

--
-- Ketidakleluasaan untuk tabel `tb_presensi`
--
ALTER TABLE `tb_presensi`
  ADD CONSTRAINT `tb_presensi_ibfk_1` FOREIGN KEY (`id_mk_sesi`) REFERENCES `tb_mk_sesi` (`id_mk_sesi`),
  ADD CONSTRAINT `tb_presensi_ibfk_2` FOREIGN KEY (`username`) REFERENCES `tb_user` (`username`);
COMMIT;

/*!40101 SET CHARACTER_SET_CLIENT=@OLD_CHARACTER_SET_CLIENT */;
/*!40101 SET CHARACTER_SET_RESULTS=@OLD_CHARACTER_SET_RESULTS */;
/*!40101 SET COLLATION_CONNECTION=@OLD_COLLATION_CONNECTION */;
